Date,Time,Open,High,Low,Close,Volume
2013.09.08,0:00,0.92066,0.92084,0.91863,0.91891,3100
2013.09.09,0:00,0.91891,0.92408,0.91659,0.92285,46625
2013.09.10,0:00,0.92284,0.93178,0.92282,0.9298,57822
2013.09.11,0:00,0.92981,0.93381,0.92752,0.93314,52482
2013.09.12,0:00,0.93315,0.93529,0.92256,0.92626,55073
2013.09.13,0:00,0.92625,0.92658,0.92223,0.92438,43025
2013.09.15,0:00,0.93368,0.93907,0.93153,0.9322,6906
2013.09.16,0:00,0.93218,0.93859,0.93041,0.93178,44585
2013.09.17,0:00,0.93182,0.93652,0.92838,0.93513,41863
2013.09.18,0:00,0.9351,0.95272,0.93348,0.94932,51461
2013.09.19,0:00,0.94933,0.95232,0.9426,0.94428,49392
2013.09.20,0:00,0.94428,0.94573,0.93766,0.93956,37408
2013.09.22,0:00,0.93681,0.94019,0.93644,0.93988,3428
2013.09.23,0:00,0.93987,0.94559,0.93804,0.94181,42722
2013.09.24,0:00,0.9418,0.94183,0.93626,0.93812,39839
2013.09.25,0:00,0.93812,0.93924,0.93372,0.93606,41070
2013.09.26,0:00,0.93605,0.94003,0.93391,0.9356,39149
2013.09.27,0:00,0.9356,0.93737,0.92968,0.93151,38081
2013.09.29,0:00,0.93143,0.93193,0.92852,0.92968,5228
2013.09.30,0:00,0.92969,0.93531,0.92796,0.93214,47378
2013.10.01,0:00,0.93213,0.94341,0.92867,0.93918,54461
2013.10.02,0:00,0.93915,0.94073,0.93326,0.9383,47096
2013.10.03,0:00,0.93831,0.94138,0.93658,0.93992,47953
2013.10.04,0:00,0.93992,0.94573,0.93992,0.94302,35984
2013.10.06,0:00,0.94255,0.94408,0.94239,0.94398,3410
2013.10.07,0:00,0.94398,0.94481,0.9387,0.94308,39827
2013.10.08,0:00,0.94307,0.9483,0.94102,0.9449,54473
2013.10.09,0:00,0.94489,0.94633,0.94121,0.94475,55278
2013.10.10,0:00,0.94475,0.94713,0.93881,0.94538,58044
2013.10.11,0:00,0.94537,0.94836,0.94427,0.94645,43507
2013.10.13,0:00,0.94316,0.94456,0.94281,0.94452,5140
2013.10.14,0:00,0.94451,0.95133,0.9433,0.95112,44720
2013.10.15,0:00,0.95114,0.95463,0.94977,0.9538,58490
2013.10.16,0:00,0.9538,0.9567,0.9504,0.9541,57180
2013.10.17,0:00,0.95409,0.96458,0.95262,0.96155,61814
2013.10.18,0:00,0.96153,0.96761,0.96034,0.96736,42397
2013.10.20,0:00,0.96593,0.96729,0.96584,0.9659,3910
2013.10.21,0:00,0.96591,0.96779,0.96416,0.96501,39405
2013.10.22,0:00,0.96501,0.97296,0.96425,0.97002,45642
2013.10.23,0:00,0.97004,0.97565,0.96061,0.96405,67098
2013.10.24,0:00,0.96405,0.96696,0.95708,0.96157,56667
2013.10.25,0:00,0.96156,0.96231,0.95712,0.95822,46396
2013.10.27,0:00,0.95826,0.95978,0.95812,0.95966,3254
2013.10.28,0:00,0.95965,0.96215,0.95293,0.95417,48247
2013.10.29,0:00,0.95416,0.95458,0.94707,0.94772,62028
2013.10.30,0:00,0.94772,0.95148,0.94404,0.94646,56061
2013.10.31,0:00,0.94646,0.95244,0.94412,0.94615,63757
2013.11.01,0:00,0.94612,0.94883,0.94204,0.94349,49454
2013.11.03,0:00,0.94547,0.94667,0.94428,0.94664,3668
2013.11.04,0:00,0.94664,0.95146,0.94605,0.951,49746
2013.11.05,0:00,0.951,0.95363,0.94624,0.9497,59930
2013.11.06,0:00,0.94969,0.95423,0.94851,0.95244,51292
2013.11.07,0:00,0.95243,0.9525,0.9438,0.94538,71740
2013.11.08,0:00,0.9454,0.94798,0.93513,0.9382,62687
2013.11.10,0:00,0.93814,0.93864,0.93669,0.93689,2790
2013.11.11,0:00,0.93688,0.93895,0.93432,0.93628,45641
2013.11.12,0:00,0.93628,0.9367,0.92677,0.93007,56580
2013.11.13,0:00,0.93007,0.93724,0.92775,0.93618,54424
2013.11.14,0:00,0.93615,0.93853,0.92799,0.93063,57996
2013.11.15,0:00,0.93062,0.93735,0.93046,0.93664,40689
2013.11.17,0:00,0.93741,0.93757,0.93623,0.93676,2307
2013.11.18,0:00,0.93676,0.94174,0.93575,0.93661,48157
2013.11.19,0:00,0.93662,0.94467,0.93513,0.94395,57299
2013.11.20,0:00,0.94394,0.944,0.9315,0.93284,63848
2013.11.21,0:00,0.93287,0.93324,0.91976,0.92271,73268
2013.11.22,0:00,0.92272,0.92483,0.91421,0.9169,53849
2013.11.24,0:00,0.91627,0.91781,0.91612,0.91638,3483
2013.11.25,0:00,0.91638,0.91948,0.9119,0.91946,56990
2013.11.26,0:00,0.91948,0.92031,0.9087,0.91185,62935
2013.11.27,0:00,0.91186,0.91361,0.90641,0.90818,58620
2013.11.28,0:00,0.90819,0.91482,0.90631,0.90778,53255
2013.11.29,0:00,0.90778,0.91397,0.90544,0.91064,54581
2013.12.01,0:00,0.91266,0.91296,0.91058,0.91193,3243
2013.12.02,0:00,0.91192,0.9167,0.90881,0.91135,59483
2013.12.03,0:00,0.91136,0.91449,0.9056,0.91304,64361
2013.12.04,0:00,0.91307,0.91366,0.89976,0.903,77402
2013.12.05,0:00,0.903,0.90761,0.9002,0.90641,72305
2013.12.06,0:00,0.9064,0.91164,0.89889,0.9101,62402
2013.12.08,0:00,0.91194,0.91257,0.91021,0.91028,3947
2013.12.09,0:00,0.91028,0.91282,0.90689,0.90875,61109
2013.12.10,0:00,0.90875,0.91657,0.90794,0.91443,62312
2013.12.11,0:00,0.91441,0.91513,0.90341,0.90445,63730
2013.12.12,0:00,0.90445,0.90809,0.89122,0.89209,78967
2013.12.13,0:00,0.8921,0.8968,0.89082,0.89643,53585
2013.12.15,0:00,0.89575,0.89617,0.89463,0.89495,2412
2013.12.16,0:00,0.89492,0.89685,0.89198,0.89391,57848
2013.12.17,0:00,0.89391,0.89571,0.8881,0.89185,62842
2013.12.18,0:00,0.89186,0.8943,0.88197,0.8843,65415
2013.12.19,0:00,0.8843,0.88741,0.88218,0.88599,65077
2013.12.20,0:00,0.88599,0.89324,0.8854,0.89186,57114
2013.12.22,0:00,0.89221,0.89235,0.89156,0.89202,2199
2013.12.23,0:00,0.89201,0.89572,0.89178,0.89298,44271
2013.12.24,0:00,0.89297,0.89324,0.89051,0.89208,26552
2013.12.26,0:00,0.88869,0.89022,0.88747,0.88844,30142
2013.12.27,0:00,0.88844,0.89278,0.88612,0.88672,54106
2013.12.29,0:00,0.88627,0.88653,0.88446,0.88522,2632
2013.12.30,0:00,0.88516,0.89287,0.88322,0.8921,49703
2013.12.31,0:00,0.89208,0.89513,0.89103,0.89432,35001
2014.01.02,0:00,0.89091,0.89423,0.88421,0.89045,58368
2014.01.03,0:00,0.89046,0.90038,0.88841,0.89455,72360
2014.01.05,0:00,0.8955,0.8965,0.89462,0.89637,2875
2014.01.06,0:00,0.89636,0.89815,0.89343,0.89663,64835
2014.01.07,0:00,0.89664,0.89664,0.88927,0.8916,62573
2014.01.08,0:00,0.8916,0.89516,0.88831,0.8888,61762
2014.01.09,0:00,0.8888,0.89119,0.88638,0.88948,60438
2014.01.10,0:00,0.88947,0.90041,0.88748,0.89932,58919
2014.01.12,0:00,0.89939,0.90146,0.8984,0.90098,3001
2014.01.13,0:00,0.90101,0.90851,0.89853,0.90467,67016
2014.01.14,0:00,0.90464,0.90532,0.89505,0.89591,58983
2014.01.15,0:00,0.89593,0.89695,0.88866,0.89033,59158
2014.01.16,0:00,0.89033,0.89041,0.87756,0.8819,63230
2014.01.17,0:00,0.88188,0.88265,0.87623,0.87798,47753
2014.01.19,0:00,0.87727,0.87798,0.87714,0.87725,2629
2014.01.20,0:00,0.87724,0.88241,0.87558,0.88027,41000
2014.01.21,0:00,0.88027,0.88366,0.87745,0.88008,52249
2014.01.22,0:00,0.88009,0.88868,0.87849,0.8843,54763
2014.01.23,0:00,0.8843,0.88459,0.87304,0.87569,66788
2014.01.24,0:00,0.87571,0.8774,0.86592,0.86821,67106
2014.01.26,0:00,0.86891,0.87032,0.86845,0.86937,3301
2014.01.27,0:00,0.86936,0.87585,0.86764,0.87302,56913
2014.01.28,0:00,0.87299,0.88198,0.87291,0.87843,60896
2014.01.29,0:00,0.87836,0.88248,0.87237,0.87456,65503
2014.01.30,0:00,0.87455,0.88035,0.87092,0.87948,58736
2014.01.31,0:00,0.87946,0.88223,0.86935,0.87501,57598
2014.02.02,0:00,0.87617,0.87651,0.87476,0.87533,3391
2014.02.03,0:00,0.87534,0.88324,0.87378,0.87471,56620
2014.02.04,0:00,0.8747,0.89408,0.87295,0.89106,73183
2014.02.05,0:00,0.89104,0.89375,0.88727,0.89254,59198
2014.02.06,0:00,0.8926,0.89796,0.89183,0.89457,53546
2014.02.07,0:00,0.89458,0.89973,0.89212,0.89552,49827
2014.02.09,0:00,0.89543,0.89545,0.89397,0.89432,1676
2014.02.10,0:00,0.89433,0.89577,0.89057,0.89439,34370
2014.02.11,0:00,0.89439,0.90465,0.89438,0.90177,49606
2014.02.12,0:00,0.90177,0.90661,0.90062,0.90213,45018
2014.02.13,0:00,0.90213,0.90304,0.89263,0.89808,47484
2014.02.14,0:00,0.8981,0.90425,0.89792,0.90287,42392
2014.02.16,0:00,0.9058,0.90586,0.90482,0.90569,2687
2014.02.17,0:00,0.90567,0.90681,0.90213,0.90367,36924
2014.02.18,0:00,0.90367,0.90796,0.90007,0.90157,47558
2014.02.19,0:00,0.90155,0.90431,0.89894,0.89924,47083
2014.02.20,0:00,0.89921,0.90207,0.89357,0.90084,49667
2014.02.21,0:00,0.90085,0.90139,0.89509,0.8971,39497
2014.02.23,0:00,0.8979,0.89801,0.89607,0.89761,2681
2014.02.24,0:00,0.89762,0.90481,0.8937,0.90343,43129
2014.02.25,0:00,0.90344,0.90432,0.90029,0.90095,39556
2014.02.26,0:00,0.90094,0.90246,0.89429,0.89619,42804
2014.02.27,0:00,0.89615,0.897,0.89028,0.89587,45680
2014.02.28,0:00,0.89587,0.89883,0.89147,0.89329,41387
2014.03.02,0:00,0.88978,0.89119,0.88978,0.89013,3497
2014.03.03,0:00,0.89013,0.89455,0.88894,0.89231,39803
2014.03.04,0:00,0.89229,0.89676,0.89082,0.89562,40813
2014.03.05,0:00,0.89564,0.89957,0.89342,0.89755,38780
2014.03.06,0:00,0.89754,0.9112,0.89722,0.91027,47362
2014.03.07,0:00,0.91027,0.91322,0.90606,0.9067,33544
2014.03.09,0:00,0.90401,0.90616,0.90386,0.90546,3299
2014.03.10,0:00,0.90547,0.90623,0.90113,0.90195,36102
2014.03.11,0:00,0.90197,0.90494,0.89524,0.89627,42250
2014.03.12,0:00,0.89627,0.89989,0.89232,0.89955,45606
2014.03.13,0:00,0.89954,0.91021,0.89935,0.90266,56009
2014.03.14,0:00,0.90266,0.90483,0.89955,0.90303,40455
2014.03.16,0:00,0.90025,0.9028,0.90024,0.90278,2799
2014.03.17,0:00,0.90277,0.9097,0.90085,0.90824,37344
2014.03.18,0:00,0.90824,0.91373,0.90628,0.91292,40706
2014.03.19,0:00,0.91294,0.9133,0.9019,0.90281,42730
2014.03.20,0:00,0.9028,0.90507,0.89941,0.90358,40807
2014.03.21,0:00,0.90358,0.90994,0.90351,0.90795,30885
2014.03.23,0:00,0.9104,0.91097,0.90881,0.90914,3318
2014.03.24,0:00,0.90917,0.91483,0.90468,0.91253,38506
2014.03.25,0:00,0.91253,0.9173,0.91184,0.91605,37665
2014.03.26,0:00,0.91604,0.92439,0.91531,0.92199,41907
2014.03.27,0:00,0.92204,0.92704,0.92152,0.92677,37766
2014.03.28,0:00,0.92676,0.9294,0.92363,0.92478,30905
2014.03.30,0:00,0.92408,0.92572,0.92408,0.92572,2675
2014.03.31,0:00,0.92571,0.92767,0.9217,0.92669,35962
2014.04.01,0:00,0.92675,0.9302,0.9229,0.92362,36575
2014.04.02,0:00,0.92363,0.92623,0.92212,0.92452,33747
2014.04.03,0:00,0.92452,0.92477,0.92044,0.92315,37816
2014.04.04,0:00,0.92316,0.93064,0.92291,0.92902,30694
2014.04.06,0:00,0.92829,0.92919,0.92793,0.92875,3242
2014.04.07,0:00,0.9287,0.92943,0.9253,0.92647,32427
2014.04.08,0:00,0.92648,0.93651,0.92644,0.93471,43031
2014.04.09,0:00,0.93475,0.93982,0.93338,0.93754,39752
2014.04.10,0:00,0.93755,0.94603,0.9374,0.93955,46077
2014.04.11,0:00,0.93957,0.94254,0.9362,0.93963,34626
2014.04.13,0:00,0.93906,0.93951,0.93753,0.9383,2860
2014.04.14,0:00,0.9383,0.94243,0.93824,0.94102,35636
2014.04.15,0:00,0.94104,0.94164,0.93356,0.93417,43070
2014.04.16,0:00,0.93415,0.93869,0.93312,0.93713,41778
2014.04.17,0:00,0.93712,0.93894,0.93201,0.93286,33190
2014.04.18,0:00,0.93285,0.93409,0.93223,0.93255,14516
2014.04.20,0:00,0.93317,0.93399,0.93279,0.93313,1919
2014.04.21,0:00,0.93314,0.93455,0.93143,0.9335,23389
2014.04.22,0:00,0.93355,0.93768,0.93308,0.93691,34062
2014.04.23,0:00,0.93689,0.93762,0.92665,0.92869,39265
2014.04.24,0:00,0.92869,0.92998,0.92511,0.92666,33285
2014.04.25,0:00,0.92667,0.92972,0.92528,0.92688,25828
2014.04.27,0:00,0.92733,0.92758,0.92679,0.92715,1775
2014.04.28,0:00,0.92716,0.93155,0.92434,0.92513,36019
2014.04.29,0:00,0.92513,0.92809,0.92268,0.9272,35877
2014.04.30,0:00,0.9272,0.93,0.92514,0.92807,38713
2014.05.01,0:00,0.92811,0.93115,0.92595,0.92732,33183
2014.05.02,0:00,0.92729,0.92791,0.92013,0.92744,32610
2014.05.04,0:00,0.92834,0.92834,0.9272,0.92731,1853
2014.05.05,0:00,0.92728,0.92882,0.92514,0.92821,33333
2014.05.06,0:00,0.92822,0.93663,0.92698,0.93479,43538
2014.05.07,0:00,0.93479,0.93535,0.93174,0.93214,37888
2014.05.08,0:00,0.93207,0.93932,0.93201,0.93676,37522
2014.05.09,0:00,0.93676,0.93779,0.93459,0.936,28673
2014.05.11,0:00,0.93583,0.93644,0.93548,0.93562,1695
2014.05.12,0:00,0.93556,0.93846,0.93475,0.93583,26972
2014.05.13,0:00,0.93582,0.93814,0.93321,0.9362,33317
2014.05.14,0:00,0.93619,0.94079,0.93619,0.93673,33643
2014.05.15,0:00,0.93677,0.93919,0.93259,0.93541,36043
2014.05.16,0:00,0.9354,0.93701,0.93339,0.93581,25993
2014.05.18,0:00,0.9367,0.93709,0.93611,0.93636,2059
2014.05.19,0:00,0.93636,0.93653,0.93206,0.93313,34355
2014.05.20,0:00,0.93312,0.93343,0.92311,0.92316,46362
2014.05.21,0:00,0.92316,0.92522,0.92078,0.9233,42415
2014.05.22,0:00,0.92331,0.92725,0.92134,0.92248,38178
2014.05.23,0:00,0.92248,0.92484,0.92127,0.923,29943
2014.05.25,0:00,0.92338,0.92434,0.92304,0.92372,3286
2014.05.26,0:00,0.92372,0.92574,0.92299,0.9256,26811
2014.05.27,0:00,0.92561,0.92765,0.92324,0.92634,37192
2014.05.28,0:00,0.92633,0.92699,0.92132,0.92218,37139
2014.05.29,0:00,0.92226,0.93169,0.92097,0.9308,43671
2014.05.30,0:00,0.93077,0.93284,0.92877,0.93073,33631
2014.06.01,0:00,0.93065,0.93133,0.92942,0.92957,2820
2014.06.02,0:00,0.92957,0.93064,0.92332,0.92339,37847
2014.06.03,0:00,0.9234,0.92862,0.92279,0.92565,43830
2014.06.04,0:00,0.92566,0.92966,0.92515,0.92712,39908
2014.06.05,0:00,0.92713,0.93453,0.92568,0.93249,49716
2014.06.06,0:00,0.93249,0.93576,0.93179,0.93338,35978
2014.06.08,0:00,0.9336,0.93383,0.93337,0.93344,2425
2014.06.09,0:00,0.93342,0.93625,0.93334,0.93415,40658
2014.06.10,0:00,0.93416,0.93828,0.93412,0.93682,48026
2014.06.11,0:00,0.93684,0.9405,0.93635,0.93794,50061
2014.06.12,0:00,0.93795,0.94364,0.93489,0.94206,56641
2014.06.13,0:00,0.94206,0.94236,0.93742,0.94008,38874
2014.06.15,0:00,0.93952,0.94034,0.93887,0.93893,2748
2014.06.16,0:00,0.93897,0.94155,0.93727,0.93904,52349
2014.06.17,0:00,0.93905,0.93935,0.93289,0.93355,63787
2014.06.18,0:00,0.9335,0.94082,0.93208,0.93983,67223
2014.06.19,0:00,0.93981,0.94306,0.93894,0.93968,76593
2014.06.20,0:00,0.93968,0.94137,0.93768,0.9386,47931
2014.06.22,0:00,0.93747,0.939,0.93735,0.93832,6624
2014.06.23,0:00,0.9383,0.94441,0.93825,0.94202,51319
2014.06.24,0:00,0.94203,0.94301,0.93565,0.93625,57400
2014.06.25,0:00,0.93622,0.9407,0.93531,0.94024,56554
2014.06.26,0:00,0.94028,0.9419,0.93949,0.94046,42882
2014.06.27,0:00,0.94047,0.94403,0.94047,0.94211,33980
2014.06.29,0:00,0.9419,0.94243,0.94125,0.94128,3503
2014.06.30,0:00,0.94129,0.94382,0.93866,0.94276,48947
2014.07.01,0:00,0.94276,0.95038,0.94122,0.94893,60489
2014.07.02,0:00,0.94893,0.94936,0.94278,0.94323,57828
2014.07.03,0:00,0.94324,0.94396,0.93277,0.93455,62291
2014.07.04,0:00,0.93454,0.93682,0.93421,0.93634,46931
2014.07.06,0:00,0.93619,0.93625,0.93531,0.93576,5449
2014.07.07,0:00,0.93575,0.93756,0.93405,0.93695,44706
2014.07.08,0:00,0.93693,0.9414,0.93693,0.9408,51650
2014.07.09,0:00,0.94083,0.94232,0.9381,0.94206,57073
2014.07.10,0:00,0.94208,0.94561,0.93598,0.93822,64925
2014.07.11,0:00,0.93821,0.94075,0.93746,0.9389,45312
2014.07.13,0:00,0.93795,0.93876,0.93779,0.93809,6070
2014.07.14,0:00,0.93808,0.94021,0.93807,0.93899,42537
2014.07.15,0:00,0.93899,0.94,0.93476,0.93599,65477
2014.07.16,0:00,0.93599,0.937,0.9328,0.93632,59731
2014.07.17,0:00,0.9363,0.93903,0.93347,0.9345,69310
2014.07.18,0:00,0.9345,0.94096,0.93371,0.93903,50798
2014.07.20,0:00,0.93942,0.93995,0.93912,0.93934,4861
2014.07.21,0:00,0.93933,0.9397,0.93621,0.93628,43311
2014.07.22,0:00,0.93629,0.9421,0.93595,0.93873,59222
2014.07.23,0:00,0.93873,0.94604,0.93794,0.94393,60606
2014.07.24,0:00,0.94393,0.94698,0.941,0.94155,54312
2014.07.25,0:00,0.94155,0.94234,0.93914,0.93956,43627
2014.07.27,0:00,0.93961,0.94002,0.93942,0.93985,6368
2014.07.28,0:00,0.93985,0.94123,0.93833,0.94078,45024
2014.07.29,0:00,0.94079,0.94152,0.93731,0.93824,61495
2014.07.30,0:00,0.93824,0.93868,0.93018,0.93227,85313
2014.07.31,0:00,0.93228,0.9329,0.92782,0.92995,76076
2014.08.01,0:00,0.92993,0.93347,0.92742,0.93148,85654
2014.08.03,0:00,0.93066,0.93132,0.93048,0.93094,5779
2014.08.04,0:00,0.93095,0.93372,0.9308,0.93298,71283
2014.08.05,0:00,0.93299,0.93421,0.92924,0.93003,76555
2014.08.06,0:00,0.93002,0.9373,0.92906,0.93441,66007
2014.08.07,0:00,0.93441,0.93567,0.92577,0.92614,74098
2014.08.08,0:00,0.92614,0.92858,0.92381,0.9275,62470
2014.08.10,0:00,0.92746,0.92784,0.92721,0.92764,4170
2014.08.11,0:00,0.92763,0.92849,0.92577,0.92601,46474
2014.08.12,0:00,0.92601,0.92757,0.92462,0.92664,57264
2014.08.13,0:00,0.92665,0.93184,0.92638,0.93038,63057
2014.08.14,0:00,0.93038,0.93261,0.92866,0.93126,50912
2014.08.15,0:00,0.93129,0.93331,0.92967,0.93207,48549
2014.08.17,0:00,0.93175,0.93207,0.93123,0.93127,3753
2014.08.18,0:00,0.93129,0.93329,0.93077,0.93199,45491
2014.08.19,0:00,0.93199,0.93431,0.92856,0.92943,61867
2014.08.20,0:00,0.92944,0.9317,0.92741,0.92849,70887
2014.08.21,0:00,0.92849,0.93099,0.92357,0.93002,67577
2014.08.22,0:00,0.93002,0.9328,0.92919,0.93163,59849
2014.08.24,0:00,0.93048,0.93086,0.92901,0.92961,8528
2014.08.25,0:00,0.92961,0.93223,0.92745,0.92765,66814
2014.08.26,0:00,0.92764,0.93294,0.92708,0.93149,78170
2014.08.27,0:00,0.93147,0.93504,0.93089,0.9334,81810
2014.08.28,0:00,0.9334,0.93729,0.93317,0.93481,76465
2014.08.29,0:00,0.93479,0.93614,0.93309,0.93362,55026
2014.08.31,0:00,0.93246,0.93337,0.93231,0.9328,5057
2014.09.01,0:00,0.93282,0.93508,0.93257,0.93324,57377
2014.09.02,0:00,0.93323,0.93344,0.92671,0.92746,83430
2014.09.03,0:00,0.92746,0.93503,0.92619,0.93371,85017
2014.09.04,0:00,0.9337,0.93916,0.93287,0.93318,88833
2014.09.05,0:00,0.93316,0.94009,0.93316,0.93768,69460
2014.09.07,0:00,0.93633,0.93697,0.93615,0.93624,5989
2014.09.08,0:00,0.93624,0.93731,0.92739,0.92747,82958
2014.09.09,0:00,0.92748,0.92875,0.91869,0.92046,112047
2014.09.10,0:00,0.92045,0.92166,0.91116,0.91534,108204
2014.09.11,0:00,0.91535,0.92166,0.90874,0.90949,104836
2014.09.12,0:00,0.90948,0.90974,0.90293,0.90409,82557
2014.09.14,0:00,0.90105,0.90158,0.90041,0.90105,7392
2014.09.15,0:00,0.90105,0.90482,0.89824,0.90322,83126
2014.09.16,0:00,0.90323,0.91111,0.89881,0.90794,104792
2014.09.17,0:00,0.90799,0.90833,0.89376,0.89571,112414
2014.09.18,0:00,0.89571,0.89998,0.89261,0.89814,98871
2014.09.19,0:00,0.89814,0.89935,0.89197,0.89275,96051
2014.09.21,0:00,0.89313,0.8944,0.89282,0.89375,4712
2014.09.22,0:00,0.89374,0.89486,0.88512,0.88754,85429
2014.09.23,0:00,0.88754,0.89259,0.88301,0.88514,102329
2014.09.24,0:00,0.88515,0.88962,0.88375,0.88577,87459
2014.09.25,0:00,0.88579,0.88674,0.87727,0.88018,111230
2014.09.26,0:00,0.88017,0.88119,0.87466,0.87615,84394
2014.09.28,0:00,0.87571,0.87593,0.8726,0.87342,8291
2014.09.29,0:00,0.87346,0.8747,0.86826,0.87121,103071
2014.09.30,0:00,0.8712,0.87665,0.86927,0.87363,111337
2014.10.01,0:00,0.87364,0.87506,0.86621,0.87418,124279
2014.10.02,0:00,0.87418,0.88257,0.8739,0.87924,133250
2014.10.03,0:00,0.87923,0.88049,0.86413,0.86743,86864
2014.10.05,0:00,0.86739,0.86776,0.86512,0.86609,5739
2014.10.06,0:00,0.8661,0.87828,0.8661,0.87689,85112
2014.10.07,0:00,0.87689,0.88331,0.8725,0.88075,109640
2014.10.08,0:00,0.88076,0.88502,0.8733,0.88366,104570
2014.10.09,0:00,0.88361,0.88975,0.87569,0.87629,103119
2014.10.10,0:00,0.87628,0.87844,0.8679,0.86834,88567
2014.10.12,0:00,0.86905,0.86929,0.86507,0.86764,6908
2014.10.13,0:00,0.86763,0.8786,0.86507,0.87525,83841
2014.10.14,0:00,0.87525,0.88109,0.86912,0.87078,82768
2014.10.15,0:00,0.87077,0.8859,0.86742,0.87905,125128
2014.10.16,0:00,0.87907,0.88133,0.86847,0.87693,134106
2014.10.17,0:00,0.87693,0.88109,0.87344,0.87498,82747
2014.10.19,0:00,0.87547,0.87645,0.87461,0.87538,4496
2014.10.20,0:00,0.87538,0.88004,0.8748,0.87755,53816
2014.10.21,0:00,0.87756,0.88314,0.87565,0.87667,76909
2014.10.22,0:00,0.87667,0.88141,0.8743,0.87652,78319
2014.10.23,0:00,0.87652,0.88051,0.87478,0.87529,79820
2014.10.24,0:00,0.87529,0.88227,0.87176,0.87947,59822
2014.10.26,0:00,0.88028,0.88064,0.87951,0.88033,4032
2014.10.27,0:00,0.88033,0.88233,0.87877,0.88043,54730
2014.10.28,0:00,0.88043,0.88808,0.87994,0.88586,64270
2014.10.29,0:00,0.8859,0.89101,0.87626,0.87673,85746
2014.10.30,0:00,0.87674,0.88525,0.87543,0.8826,91189
2014.10.31,0:00,0.88261,0.88435,0.87633,0.87987,106549
2014.11.02,0:00,0.87539,0.87601,0.87444,0.87504,4526
2014.11.03,0:00,0.87504,0.87596,0.86767,0.86883,95287
2014.11.04,0:00,0.86887,0.87606,0.86441,0.87442,98962
2014.11.05,0:00,0.87442,0.8754,0.85619,0.85773,113614
2014.11.06,0:00,0.85772,0.86261,0.85515,0.85606,116417
2014.11.07,0:00,0.85606,0.86562,0.85397,0.86261,115716
2014.11.09,0:00,0.8645,0.86539,0.86361,0.86419,4708
2014.11.10,0:00,0.86418,0.86814,0.86079,0.86231,78076
2014.11.11,0:00,0.8623,0.87179,0.85895,0.87036,110731
2014.11.12,0:00,0.87033,0.87438,0.86642,0.8708,107044
2014.11.13,0:00,0.87085,0.87631,0.86708,0.87042,87273
2014.11.14,0:00,0.87042,0.87721,0.86471,0.8747,94029
2014.11.16,0:00,0.87682,0.87701,0.87454,0.87502,4379
2014.11.17,0:00,0.87502,0.8795,0.8694,0.87066,90094
2014.11.18,0:00,0.87067,0.87456,0.8681,0.87077,81449
2014.11.19,0:00,0.87077,0.87096,0.85928,0.86028,103621
2014.11.20,0:00,0.86026,0.86399,0.85652,0.86198,110946
2014.11.21,0:00,0.86199,0.87216,0.86041,0.86656,106526
2014.11.23,0:00,0.8673,0.86813,0.86662,0.86783,5123
2014.11.24,0:00,0.86784,0.86995,0.85884,0.85999,67401
2014.11.25,0:00,0.85997,0.86163,0.85125,0.85568,109148
2014.11.26,0:00,0.85567,0.85644,0.84788,0.85299,97974
2014.11.27,0:00,0.853,0.86141,0.85102,0.85249,74107
2014.11.28,0:00,0.85247,0.85393,0.84845,0.85026,78655
2014.11.30,0:00,0.84762,0.84813,0.84257,0.84391,7949
2014.12.01,0:00,0.84391,0.85308,0.84159,0.84777,107812
2014.12.02,0:00,0.84776,0.85414,0.8432,0.84572,96448
2014.12.03,0:00,0.84572,0.84662,0.83843,0.83957,94597
2014.12.04,0:00,0.83957,0.84285,0.83547,0.83856,106024
2014.12.05,0:00,0.83857,0.83921,0.83138,0.8326,79334
2014.12.07,0:00,0.8309,0.83145,0.82939,0.83061,4883
2014.12.08,0:00,0.83059,0.83231,0.8259,0.82982,88716
2014.12.09,0:00,0.82982,0.83702,0.82228,0.82962,110171
2014.12.10,0:00,0.82963,0.8347,0.82635,0.83305,105825
2014.12.11,0:00,0.83305,0.83748,0.82137,0.82443,118128
2014.12.12,0:00,0.82445,0.82977,0.82258,0.8245,87741
2014.12.14,0:00,0.82446,0.8247,0.82435,0.8245,338
2014.12.15,0:00,0.82181,0.82667,0.81999,0.82118,100182
2014.12.16,0:00,0.82116,0.82734,0.8199,0.82215,113431
2014.12.17,0:00,0.82216,0.8236,0.81056,0.81241,114451
2014.12.18,0:00,0.81241,0.82022,0.8116,0.81671,103890
2014.12.19,0:00,0.8167,0.81911,0.81212,0.81437,79111
2014.12.21,0:00,0.81458,0.81475,0.81333,0.81462,4963
2014.12.22,0:00,0.8146,0.81721,0.81149,0.81183,55484
2014.12.23,0:00,0.81183,0.81429,0.80867,0.8108,56048
2014.12.24,0:00,0.8108,0.81229,0.81021,0.8107,28516
2014.12.26,0:00,0.8124,0.81314,0.8108,0.81152,23178
2014.12.28,0:00,0.81233,0.81241,0.81097,0.81121,4322
2014.12.29,0:00,0.81121,0.81614,0.81117,0.81339,52680
2014.12.30,0:00,0.81339,0.82023,0.81209,0.81817,55510
2014.12.31,0:00,0.81817,0.8215,0.81578,0.81698,39218
2015.01.02,0:00,0.81354,0.81451,0.80769,0.80904,45223
2015.01.04,0:00,0.80739,0.80845,0.80512,0.80661,4540
2015.01.05,0:00,0.80674,0.8106,0.80338,0.80959,91115
2015.01.06,0:00,0.80962,0.81563,0.80652,0.80766,115951
2015.01.07,0:00,0.80767,0.80889,0.80317,0.80732,105491
2015.01.08,0:00,0.80734,0.81296,0.80734,0.81112,91917
2015.01.09,0:00,0.81112,0.82073,0.81041,0.82015,100450
2015.01.11,0:00,0.82086,0.82238,0.82055,0.82213,2533
2015.01.12,0:00,0.82218,0.82538,0.81295,0.815,96327
2015.01.13,0:00,0.81499,0.81971,0.81269,0.81696,102130
2015.01.14,0:00,0.81694,0.81884,0.80669,0.81393,125454
2015.01.15,0:00,0.81393,0.82939,0.81321,0.82206,159972
2015.01.16,0:00,0.82206,0.82553,0.81669,0.82259,99129
2015.01.18,0:00,0.82226,0.82301,0.82206,0.8224,2752
2015.01.19,0:00,0.82239,0.82425,0.81846,0.81901,76232
2015.01.20,0:00,0.81906,0.82171,0.81578,0.81622,89458
2015.01.21,0:00,0.81622,0.82328,0.80767,0.80995,117021
2015.01.22,0:00,0.80995,0.81352,0.7994,0.80158,122986
2015.01.23,0:00,0.80157,0.80519,0.78799,0.79049,121561
2015.01.25,0:00,0.78687,0.78753,0.78569,0.78752,1657
2015.01.26,0:00,0.78755,0.79326,0.78708,0.79202,91067
2015.01.27,0:00,0.79204,0.79736,0.79045,0.79192,104838
2015.01.28,0:00,0.79191,0.80241,0.78822,0.78899,115964
2015.01.29,0:00,0.78899,0.79059,0.77189,0.77812,113440
2015.01.30,0:00,0.77811,0.77964,0.77297,0.77656,97399
2015.02.01,0:00,0.77526,0.77803,0.77519,0.77789,5099
2015.02.02,0:00,0.77788,0.78291,0.77646,0.77967,91013
2015.02.03,0:00,0.77966,0.78518,0.76251,0.77616,138359
2015.02.04,0:00,0.77616,0.78491,0.7742,0.77566,117523
2015.02.05,0:00,0.77566,0.78232,0.77328,0.77979,96090
2015.02.06,0:00,0.77978,0.78752,0.77773,0.77913,93567
2015.02.08,0:00,0.77628,0.77749,0.77578,0.77607,5095
2015.02.09,0:00,0.77607,0.78334,0.7747,0.77938,81906
2015.02.10,0:00,0.77937,0.78405,0.77465,0.77821,94837
2015.02.11,0:00,0.77821,0.77938,0.76928,0.77202,88792
2015.02.12,0:00,0.77202,0.77786,0.76429,0.7753,115772
2015.02.13,0:00,0.7753,0.77914,0.77242,0.77562,77838
2015.02.15,0:00,0.77717,0.77725,0.77559,0.77635,4042
2015.02.16,0:00,0.77634,0.77937,0.77501,0.77558,73184
2015.02.17,0:00,0.77559,0.78278,0.77412,0.7809,89940
2015.02.18,0:00,0.78091,0.78374,0.77725,0.78063,83608
2015.02.19,0:00,0.78065,0.78424,0.77561,0.77947,84805
2015.02.20,0:00,0.77947,0.78478,0.77883,0.78415,85649
2015.02.22,0:00,0.78447,0.78453,0.78351,0.78434,4196
2015.02.23,0:00,0.78434,0.78443,0.77794,0.77971,69271
2015.02.24,0:00,0.7797,0.7836,0.77384,0.78301,91612
2015.02.25,0:00,0.78302,0.79002,0.78289,0.78812,87718
2015.02.26,0:00,0.78811,0.7912,0.77849,0.7802,93394
2015.02.27,0:00,0.78019,0.78332,0.77762,0.7812,84947
2015.03.01,0:00,0.78019,0.7806,0.77806,0.77832,4706
2015.03.02,0:00,0.77831,0.77973,0.77518,0.77544,72234
2015.03.03,0:00,0.77543,0.78432,0.77499,0.7817,90123
2015.03.04,0:00,0.7817,0.78597,0.77944,0.78214,85326
2015.03.05,0:00,0.78213,0.78398,0.77532,0.77829,88133
2015.03.06,0:00,0.77829,0.78444,0.77049,0.77147,90539
2015.03.08,0:00,0.77048,0.77221,0.7704,0.77197,6143
2015.03.09,0:00,0.77196,0.77391,0.76702,0.76839,81893
2015.03.10,0:00,0.7684,0.7684,0.76026,0.76392,125298
2015.03.11,0:00,0.76392,0.76433,0.75591,0.76017,125642
2015.03.12,0:00,0.76018,0.77299,0.75722,0.77056,130183
2015.03.13,0:00,0.77056,0.77056,0.76086,0.7633,94480
2015.03.15,0:00,0.76231,0.76337,0.76124,0.76136,5755
2015.03.16,0:00,0.76138,0.76787,0.76131,0.7641,85807
2015.03.17,0:00,0.76406,0.76642,0.76044,0.76188,102110
2015.03.18,0:00,0.76187,0.78463,0.75896,0.77767,128166
2015.03.19,0:00,0.77769,0.78073,0.76104,0.76584,159709
2015.03.20,0:00,0.76585,0.78015,0.76468,0.77722,118246
2015.03.22,0:00,0.77865,0.78057,0.77692,0.77813,8090
2015.03.23,0:00,0.77814,0.79013,0.77622,0.78715,139015
2015.03.24,0:00,0.78714,0.7937,0.78367,0.7861,129587
2015.03.25,0:00,0.78611,0.79035,0.78231,0.78287,110263
2015.03.26,0:00,0.78286,0.7883,0.77998,0.78299,126133
2015.03.27,0:00,0.783,0.7833,0.7744,0.77524,105226
2015.03.29,0:00,0.77357,0.77459,0.77256,0.77331,5705
2015.03.30,0:00,0.77332,0.77385,0.76323,0.76555,97620
2015.03.31,0:00,0.76553,0.76634,0.75899,0.76143,105221
2015.04.01,0:00,0.76144,0.76626,0.75813,0.7603,110589
2015.04.02,0:00,0.76032,0.76099,0.7532,0.75788,103649
2015.04.03,0:00,0.75789,0.7696,0.75695,0.76326,49926
2015.04.05,0:00,0.76387,0.76433,0.76199,0.76383,4105
2015.04.06,0:00,0.76382,0.76662,0.75783,0.75881,49194
2015.04.07,0:00,0.75882,0.77101,0.7576,0.76383,78121
2015.04.08,0:00,0.76382,0.77266,0.76352,0.76815,74333
2015.04.09,0:00,0.76816,0.77375,0.76586,0.77018,72333
2015.04.10,0:00,0.77018,0.77208,0.76368,0.76798,68649
2015.04.12,0:00,0.767,0.76771,0.7662,0.7663,4676
2015.04.13,0:00,0.7663,0.76699,0.75517,0.75841,80063
2015.04.14,0:00,0.7584,0.76474,0.7554,0.76131,79138
2015.04.15,0:00,0.76131,0.76993,0.75704,0.76743,84259
2015.04.16,0:00,0.76744,0.7821,0.76725,0.77846,94993
2015.04.17,0:00,0.77845,0.78414,0.7758,0.77852,73941
2015.04.19,0:00,0.7817,0.7818,0.77892,0.78031,6074
2015.04.20,0:00,0.78029,0.78251,0.77056,0.77188,72009
2015.04.21,0:00,0.77188,0.77528,0.76819,0.77112,79098
2015.04.22,0:00,0.77112,0.78061,0.77049,0.77443,80898
2015.04.23,0:00,0.77445,0.77892,0.771,0.77744,90006
2015.04.24,0:00,0.77744,0.78395,0.77632,0.782,70027
2015.04.26,0:00,0.78192,0.78352,0.78165,0.78287,4661
2015.04.27,0:00,0.78289,0.78711,0.77903,0.78643,87327
2015.04.28,0:00,0.78643,0.80263,0.78576,0.79953,83618
2015.04.29,0:00,0.79953,0.80744,0.79754,0.79932,103416
2015.04.30,0:00,0.79933,0.80212,0.78619,0.78965,109740
2015.05.01,0:00,0.78966,0.79038,0.78021,0.7844,79630
2015.05.03,0:00,0.78364,0.78436,0.78252,0.7826,7580
2015.05.04,0:00,0.7826,0.78505,0.78011,0.78372,67260
2015.05.05,0:00,0.78372,0.79548,0.77861,0.79278,92426
2015.05.06,0:00,0.79283,0.80293,0.79228,0.79522,93848
2015.05.07,0:00,0.79523,0.80037,0.78892,0.78982,94024
2015.05.08,0:00,0.78983,0.79673,0.78622,0.79321,80496
2015.05.10,0:00,0.79189,0.793,0.79141,0.79236,7182
2015.05.11,0:00,0.79235,0.79321,0.78755,0.78956,73477
2015.05.12,0:00,0.78955,0.79989,0.78853,0.79888,81792
2015.05.13,0:00,0.79884,0.81268,0.79631,0.81094,80379
2015.05.14,0:00,0.81093,0.81621,0.80623,0.80823,81275
2015.05.15,0:00,0.80823,0.80881,0.79955,0.80377,73416
2015.05.17,0:00,0.80378,0.80511,0.80265,0.80423,4595
2015.05.18,0:00,0.80421,0.80435,0.7976,0.79925,74816
2015.05.19,0:00,0.79924,0.80094,0.79053,0.79213,83918
2015.05.20,0:00,0.79213,0.79335,0.78601,0.78765,101317
2015.05.21,0:00,0.78774,0.79124,0.78655,0.78967,91965
2015.05.22,0:00,0.78972,0.79305,0.78095,0.78298,79900
2015.05.24,0:00,0.7828,0.78309,0.78067,0.78101,5281
2015.05.25,0:00,0.78105,0.78385,0.78023,0.78213,68332
2015.05.26,0:00,0.78213,0.78385,0.77263,0.77434,76539
2015.05.27,0:00,0.77434,0.77674,0.76909,0.77341,79315
2015.05.28,0:00,0.77339,0.77599,0.76166,0.76553,85807
2015.05.29,0:00,0.76554,0.7673,0.76283,0.76421,54882
2015.05.31,0:00,0.764,0.76547,0.76355,0.76402,4867
2015.06.01,0:00,0.76403,0.76671,0.75968,0.76129,76599
2015.06.02,0:00,0.76129,0.77891,0.76114,0.77587,94001
2015.06.03,0:00,0.77588,0.78175,0.77503,0.77695,72653
2015.06.04,0:00,0.77694,0.77786,0.76632,0.76854,70156
2015.06.05,0:00,0.76853,0.77267,0.75983,0.76143,36076
2015.06.07,0:00,0.76202,0.76279,0.76149,0.76149,5867
2015.06.08,0:00,0.7615,0.77111,0.76021,0.76864,76185
2015.06.09,0:00,0.76864,0.77214,0.76451,0.76857,93385
2015.06.10,0:00,0.76858,0.7784,0.76347,0.77268,106720
2015.06.11,0:00,0.77266,0.77918,0.76921,0.77466,91054
2015.06.12,0:00,0.77467,0.77568,0.76767,0.77288,73419
2015.06.14,0:00,0.77453,0.77526,0.77244,0.77277,4234
2015.06.15,0:00,0.77278,0.77759,0.7703,0.77565,75913
2015.06.16,0:00,0.77564,0.77792,0.77208,0.77441,63456
2015.06.17,0:00,0.7744,0.77687,0.76438,0.77192,87112
2015.06.18,0:00,0.77191,0.78476,0.77092,0.77892,87542
2015.06.19,0:00,0.77888,0.78068,0.77352,0.77697,65103
2015.06.21,0:00,0.77647,0.77736,0.77596,0.77642,4316
2015.06.22,0:00,0.77644,0.77953,0.77199,0.77275,76832
2015.06.23,0:00,0.77276,0.77468,0.76782,0.77423,75767
2015.06.24,0:00,0.77422,0.7769,0.7682,0.77053,72545
2015.06.25,0:00,0.77055,0.77511,0.77049,0.77307,66623
2015.06.26,0:00,0.77308,0.77332,0.76294,0.76511,60126
2015.06.28,0:00,0.76223,0.76455,0.75857,0.76172,11516
2015.06.29,0:00,0.76168,0.77111,0.76115,0.76712,92610
2015.06.30,0:00,0.76712,0.77228,0.76581,0.769,99920
2015.07.01,0:00,0.76902,0.77374,0.76318,0.76357,81768
2015.07.02,0:00,0.76358,0.7656,0.75882,0.76349,84057
2015.07.03,0:00,0.76347,0.76475,0.75078,0.75114,77557
2015.07.05,0:00,0.74728,0.75113,0.74607,0.74838,7772
2015.07.06,0:00,0.74839,0.75317,0.74626,0.74738,86705
2015.07.07,0:00,0.74738,0.7498,0.73965,0.74531,91654
2015.07.08,0:00,0.7453,0.74546,0.73711,0.74198,88047
2015.07.09,0:00,0.74189,0.74906,0.73912,0.74583,84029
2015.07.10,0:00,0.74583,0.74954,0.74083,0.74388,67321
2015.07.12,0:00,0.74204,0.7437,0.74182,0.74189,6010
2015.07.13,0:00,0.74189,0.74669,0.7382,0.73905,88905
2015.07.14,0:00,0.73906,0.74773,0.73863,0.74449,78348
2015.07.15,0:00,0.74442,0.74875,0.73526,0.73693,92377
2015.07.16,0:00,0.73694,0.7436,0.73487,0.74126,80603
2015.07.17,0:00,0.74125,0.74176,0.73663,0.73781,62552
2015.07.19,0:00,0.73783,0.73816,0.73645,0.73668,5943
2015.07.20,0:00,0.73666,0.73962,0.73267,0.73726,79026
2015.07.21,0:00,0.73718,0.74483,0.73401,0.74225,90714
2015.07.22,0:00,0.74224,0.74377,0.73596,0.73727,89751
2015.07.23,0:00,0.73725,0.74161,0.73483,0.73563,84694
2015.07.24,0:00,0.73567,0.73569,0.72586,0.72822,73589
2015.07.26,0:00,0.72705,0.72822,0.72665,0.72726,3623
2015.07.27,0:00,0.72727,0.73235,0.72635,0.72745,81348
2015.07.28,0:00,0.72744,0.7349,0.72558,0.73466,82458
2015.07.29,0:00,0.73465,0.73498,0.72812,0.72954,82617
2015.07.30,0:00,0.72953,0.73215,0.72538,0.72946,79247
2015.07.31,0:00,0.72945,0.73652,0.72338,0.73002,80436
2015.08.02,0:00,0.73091,0.73155,0.72943,0.72945,7257
2015.08.03,0:00,0.72953,0.73113,0.72589,0.72733,77819
2015.08.04,0:00,0.72733,0.74272,0.72621,0.73738,102761
2015.08.05,0:00,0.73737,0.73925,0.73339,0.73481,88610
2015.08.06,0:00,0.7348,0.73903,0.73139,0.73429,91608
2015.08.07,0:00,0.7343,0.74178,0.73325,0.74178,76675
2015.08.09,0:00,0.74132,0.7415,0.73952,0.73964,5014
2015.08.10,0:00,0.73965,0.74209,0.73524,0.74114,89328
2015.08.11,0:00,0.74116,0.74385,0.72823,0.73127,102170
2015.08.12,0:00,0.73127,0.73885,0.72143,0.73803,103662
2015.08.13,0:00,0.73803,0.74072,0.73219,0.73738,91679
2015.08.14,0:00,0.73737,0.73963,0.73535,0.73774,74452
2015.08.16,0:00,0.73731,0.73799,0.7366,0.73666,4734
2015.08.17,0:00,0.73664,0.7388,0.73426,0.73703,78935
2015.08.18,0:00,0.73704,0.73849,0.73189,0.73384,96277
2015.08.19,0:00,0.73383,0.73744,0.73108,0.73531,106709
2015.08.20,0:00,0.73531,0.73718,0.72837,0.73326,90527
2015.08.21,0:00,0.73326,0.73589,0.72861,0.73092,91558
2015.08.23,0:00,0.73077,0.73099,0.72487,0.72515,11897
2015.08.24,0:00,0.72512,0.72748,0.70415,0.71742,128494
2015.08.25,0:00,0.71742,0.72489,0.70982,0.71001,117527
2015.08.26,0:00,0.71004,0.71513,0.70687,0.71192,112662
2015.08.27,0:00,0.71192,0.718,0.70976,0.71742,106086
2015.08.28,0:00,0.71741,0.72045,0.71197,0.71636,89609
2015.08.30,0:00,0.71536,0.71614,0.71326,0.71373,10040
2015.08.31,0:00,0.71372,0.71572,0.70812,0.71086,93953
2015.09.01,0:00,0.71086,0.7152,0.6997,0.7009,106647
2015.09.02,0:00,0.7009,0.70607,0.69812,0.70438,110538
2015.09.03,0:00,0.70432,0.70615,0.69911,0.7019,89414
2015.09.04,0:00,0.70182,0.70202,0.69076,0.69078,89255
2015.09.06,0:00,0.69204,0.69372,0.6911,0.69341,6869
2015.09.07,0:00,0.69341,0.695,0.6913,0.69455,98099
2015.09.08,0:00,0.69453,0.70384,0.69323,0.70344,87927
2015.09.09,0:00,0.70344,0.70688,0.69585,0.69591,91784
2015.09.10,0:00,0.69592,0.70983,0.69448,0.70723,101177
2015.09.11,0:00,0.70722,0.7091,0.70343,0.70873,67376
2015.09.13,0:00,0.70827,0.70986,0.70769,0.70969,5010
2015.09.14,0:00,0.7097,0.71635,0.70622,0.71603,74215
2015.09.15,0:00,0.71603,0.71647,0.70842,0.71239,76458
2015.09.16,0:00,0.71239,0.71992,0.71219,0.71986,75830
2015.09.17,0:00,0.71985,0.72743,0.71366,0.71871,106861
2015.09.18,0:00,0.71872,0.72785,0.71666,0.71925,99047
2015.09.20,0:00,0.71833,0.71941,0.71791,0.71882,4557
2015.09.21,0:00,0.71882,0.71957,0.71203,0.71259,83069
2015.09.22,0:00,0.7126,0.71577,0.70554,0.70732,78182
2015.09.23,0:00,0.70732,0.70833,0.69878,0.69963,87791
2015.09.24,0:00,0.69965,0.70414,0.69373,0.70081,108077
2015.09.25,0:00,0.7008,0.7041,0.69896,0.70246,85364
2015.09.27,0:00,0.70262,0.70263,0.7007,0.70171,4885
2015.09.28,0:00,0.70172,0.7035,0.69687,0.69693,78724
2015.09.29,0:00,0.69694,0.70227,0.69354,0.7005,98758
2015.09.30,0:00,0.7005,0.70372,0.69881,0.70076,98962
2015.10.01,0:00,0.70076,0.70835,0.70039,0.70372,100060
2015.10.02,0:00,0.70367,0.70647,0.70012,0.70509,86955
2015.10.04,0:00,0.70517,0.70571,0.70419,0.70446,7254
2015.10.05,0:00,0.70446,0.71099,0.70413,0.70834,93353
2015.10.06,0:00,0.70834,0.71739,0.70656,0.71567,98172
2015.10.07,0:00,0.71568,0.72333,0.71487,0.71932,101087
2015.10.08,0:00,0.71931,0.72705,0.71638,0.72654,102270
2015.10.09,0:00,0.72655,0.73427,0.72583,0.73369,96737
2015.10.11,0:00,0.73204,0.73263,0.73111,0.73114,12786
2015.10.12,0:00,0.73115,0.73808,0.73039,0.73421,78025
2015.10.13,0:00,0.73422,0.73483,0.71973,0.72205,99151
2015.10.14,0:00,0.72206,0.73197,0.72002,0.73197,100109
2015.10.15,0:00,0.73198,0.73624,0.72646,0.73242,110891
2015.10.16,0:00,0.73242,0.73246,0.72483,0.72665,90367
2015.10.18,0:00,0.72623,0.72658,0.72547,0.72581,4970
2015.10.19,0:00,0.7258,0.7306,0.72378,0.72568,77088
2015.10.20,0:00,0.72568,0.72968,0.72458,0.72658,71834
2015.10.21,0:00,0.72659,0.72747,0.72012,0.72114,80850
2015.10.22,0:00,0.72114,0.72383,0.71814,0.72093,90928
2015.10.23,0:00,0.72091,0.72961,0.72,0.72155,94721
2015.10.25,0:00,0.72146,0.72238,0.72059,0.72203,6947
2015.10.26,0:00,0.72204,0.72683,0.72182,0.72471,78988
2015.10.27,0:00,0.72471,0.72572,0.71776,0.71923,87855
2015.10.28,0:00,0.71925,0.7195,0.70794,0.70935,112273
2015.10.29,0:00,0.70937,0.7118,0.70664,0.70883,94083
2015.10.30,0:00,0.70881,0.71472,0.70832,0.71343,99565
2015.11.01,0:00,0.71203,0.71348,0.71167,0.71324,7706
2015.11.02,0:00,0.71324,0.71647,0.71273,0.71556,86719
2015.11.03,0:00,0.71556,0.72181,0.7113,0.71871,96355
2015.11.04,0:00,0.71872,0.72228,0.71253,0.7134,93946
2015.11.05,0:00,0.71341,0.71684,0.71245,0.71451,80725
2015.11.06,0:00,0.7145,0.71684,0.70217,0.70418,78137
2015.11.08,0:00,0.70293,0.70369,0.70258,0.7036,3966
2015.11.09,0:00,0.7036,0.7069,0.70302,0.70493,87085
2015.11.10,0:00,0.70492,0.70633,0.70148,0.70416,91372
2015.11.11,0:00,0.70416,0.70772,0.7039,0.7067,91728
2015.11.12,0:00,0.70686,0.71532,0.70588,0.71324,116001
2015.11.13,0:00,0.71324,0.7157,0.71052,0.71233,81566
2015.11.15,0:00,0.71244,0.71247,0.7098,0.71061,6528
2015.11.16,0:00,0.71061,0.71313,0.70793,0.70913,79060
2015.11.17,0:00,0.70913,0.71391,0.70713,0.71108,89539
2015.11.18,0:00,0.71109,0.71253,0.70675,0.7116,90659
2015.11.19,0:00,0.71161,0.72136,0.71153,0.7189,108660
2015.11.20,0:00,0.71894,0.72493,0.71824,0.72346,93012
2015.11.22,0:00,0.72283,0.72323,0.72235,0.72235,4418
2015.11.23,0:00,0.72235,0.72269,0.7158,0.7185,99256
2015.11.24,0:00,0.71849,0.72742,0.71846,0.72521,103797
2015.11.25,0:00,0.72521,0.72819,0.7226,0.72523,106398
2015.11.26,0:00,0.72523,0.72615,0.72093,0.72163,99906
2015.11.27,0:00,0.72164,0.72385,0.71839,0.71898,75648
2015.11.29,0:00,0.71912,0.71922,0.71774,0.71818,4878
2015.11.30,0:00,0.71817,0.72488,0.71691,0.72298,90223
2015.12.01,0:00,0.72298,0.73349,0.7224,0.73214,115063
2015.12.02,0:00,0.73213,0.73419,0.7292,0.73007,113975
2015.12.03,0:00,0.73008,0.73623,0.72831,0.73281,127203
2015.12.04,0:00,0.73281,0.73844,0.72784,0.73408,110461
2015.12.06,0:00,0.73392,0.73413,0.73297,0.7337,5181
2015.12.07,0:00,0.7337,0.73382,0.72541,0.72542,92901
2015.12.08,0:00,0.72542,0.72694,0.71858,0.72215,102497
2015.12.09,0:00,0.72212,0.72443,0.71709,0.72315,118310
2015.12.10,0:00,0.72318,0.73335,0.72305,0.727,102811
2015.12.11,0:00,0.72701,0.72702,0.7184,0.71871,92933
2015.12.13,0:00,0.71951,0.71952,0.71589,0.71625,6845
2015.12.14,0:00,0.71625,0.72686,0.71605,0.72526,100706
2015.12.15,0:00,0.72525,0.7282,0.71593,0.71985,102245
2015.12.16,0:00,0.71985,0.72793,0.71755,0.72013,108414
2015.12.17,0:00,0.72013,0.72141,0.70955,0.71269,117359
2015.12.18,0:00,0.7127,0.71994,0.71139,0.71665,98370
2015.12.20,0:00,0.71664,0.7177,0.71578,0.71678,6525
2015.12.21,0:00,0.71678,0.71969,0.7154,0.71957,81208
2015.12.22,0:00,0.71956,0.72479,0.71881,0.7229,75285
2015.12.23,0:00,0.72296,0.72467,0.72079,0.72304,71531
2015.12.24,0:00,0.72305,0.72792,0.72301,0.72726,46415
2015.12.27,0:00,0.72752,0.72815,0.72706,0.72804,4742
2015.12.28,0:00,0.72805,0.72805,0.72441,0.72549,53520
2015.12.29,0:00,0.72548,0.73019,0.72539,0.7288,61208
2015.12.30,0:00,0.72881,0.73023,0.72674,0.72807,65642
2015.12.31,0:00,0.72807,0.73266,0.72653,0.72888,50026
2016.01.03,0:00,0.72851,0.72997,0.72824,0.72832,4288
2016.01.04,0:00,0.72832,0.72888,0.71547,0.71823,99871
2016.01.05,0:00,0.71824,0.72134,0.71311,0.71585,95345
2016.01.06,0:00,0.71585,0.71704,0.70473,0.70777,117188
2016.01.07,0:00,0.70777,0.7085,0.69793,0.70119,141110
2016.01.08,0:00,0.70118,0.70762,0.69494,0.69522,130194
2016.01.10,0:00,0.69616,0.69621,0.69258,0.69366,8328
2016.01.11,0:00,0.69365,0.70346,0.69331,0.6985,141036
2016.01.12,0:00,0.69851,0.70199,0.69388,0.69825,137500
2016.01.13,0:00,0.69825,0.70475,0.69309,0.69345,125505
2016.01.14,0:00,0.69345,0.7001,0.69089,0.69944,145316
2016.01.15,0:00,0.69944,0.69947,0.68258,0.68651,132246
2016.01.17,0:00,0.6849,0.68608,0.68447,0.68564,6370
2016.01.18,0:00,0.68563,0.69271,0.68498,0.68718,117044
2016.01.19,0:00,0.68717,0.69561,0.68373,0.69096,139821
2016.01.20,0:00,0.69095,0.69407,0.68269,0.69395,169804
2016.01.21,0:00,0.69395,0.7016,0.6874,0.70143,179880
2016.01.22,0:00,0.70144,0.70447,0.6985,0.70043,122445
2016.01.24,0:00,0.70036,0.70089,0.6998,0.6998,3635
2016.01.25,0:00,0.69981,0.70302,0.69345,0.69369,114300
2016.01.26,0:00,0.69368,0.702,0.69175,0.70031,124166
2016.01.27,0:00,0.70032,0.70803,0.69913,0.70087,164024
2016.01.28,0:00,0.70086,0.71276,0.7007,0.70813,139784
2016.01.29,0:00,0.70813,0.71398,0.70574,0.70846,146076
2016.01.31,0:00,0.70815,0.70836,0.7062,0.7067,5041
2016.02.01,0:00,0.70671,0.71198,0.70414,0.71061,104910
2016.02.02,0:00,0.71064,0.71281,0.70218,0.70241,112715
2016.02.03,0:00,0.70243,0.7188,0.70015,0.71555,132881
2016.02.04,0:00,0.71555,0.72414,0.71555,0.71974,131243
2016.02.05,0:00,0.71974,0.72188,0.70634,0.7065,97955
2016.02.07,0:00,0.70674,0.7093,0.70662,0.70832,9090
2016.02.08,0:00,0.70831,0.71273,0.70493,0.70735,123744
2016.02.09,0:00,0.70735,0.70949,0.69724,0.70628,149166
2016.02.10,0:00,0.70628,0.71242,0.70365,0.71008,152494
2016.02.11,0:00,0.71009,0.71518,0.69826,0.71222,196617
2016.02.12,0:00,0.71223,0.71258,0.70624,0.71027,132013
2016.02.14,0:00,0.71017,0.71155,0.70996,0.71132,4919
2016.02.15,0:00,0.71132,0.71705,0.71078,0.71448,106712
2016.02.16,0:00,0.7145,0.71806,0.70803,0.71159,114092
2016.02.17,0:00,0.71158,0.7186,0.70831,0.71714,133341
2016.02.18,0:00,0.71714,0.71808,0.71317,0.71486,120941
2016.02.19,0:00,0.71487,0.71529,0.70679,0.71466,105747
2016.02.21,0:00,0.71477,0.71481,0.71347,0.71419,4170
2016.02.22,0:00,0.71419,0.72456,0.71378,0.723,100514
2016.02.23,0:00,0.723,0.7258,0.7184,0.71932,115561
2016.02.24,0:00,0.71931,0.72123,0.71446,0.71908,124690
2016.02.25,0:00,0.71909,0.72423,0.71551,0.72346,121020
2016.02.26,0:00,0.72346,0.72555,0.71169,0.71269,102871
2016.02.28,0:00,0.71246,0.71321,0.7113,0.71256,8296
2016.02.29,0:00,0.71256,0.71674,0.71077,0.71383,118697
2016.03.01,0:00,0.71383,0.71908,0.7108,0.71799,120802
2016.03.02,0:00,0.71798,0.72998,0.71637,0.72841,124076
2016.03.03,0:00,0.72842,0.73727,0.72804,0.73553,119943
2016.03.04,0:00,0.73552,0.74419,0.73385,0.7435,126642
2016.03.06,0:00,0.74126,0.74235,0.7405,0.7405,7545
2016.03.07,0:00,0.74051,0.74833,0.73912,0.74555,110839
2016.03.08,0:00,0.74556,0.74691,0.74088,0.7432,122129
2016.03.09,0:00,0.74318,0.7527,0.74111,0.74659,154083
2016.03.10,0:00,0.74664,0.75109,0.74258,0.74566,192544
2016.03.11,0:00,0.74565,0.75825,0.74455,0.75636,130025
2016.03.13,0:00,0.75453,0.75606,0.75433,0.75601,11188
2016.03.14,0:00,0.756,0.75924,0.74909,0.75169,119822
2016.03.15,0:00,0.75168,0.75267,0.74441,0.74607,141960
2016.03.16,0:00,0.74606,0.75751,0.74134,0.75416,137725
2016.03.17,0:00,0.75416,0.76578,0.75413,0.76452,180039
2016.03.18,0:00,0.7645,0.76794,0.75939,0.76018,118070
2016.03.20,0:00,0.75938,0.76018,0.75887,0.75918,8894
2016.03.21,0:00,0.75918,0.76256,0.75676,0.75679,134999
2016.03.22,0:00,0.75679,0.76417,0.75502,0.76181,129108
2016.03.23,0:00,0.76183,0.7648,0.75184,0.75321,132546
2016.03.24,0:00,0.7532,0.75332,0.7476,0.75241,118580
2016.03.25,0:00,0.75238,0.75339,0.74971,0.74988,30266
2016.03.27,0:00,0.75047,0.75194,0.74966,0.75003,4148
2016.03.28,0:00,0.75005,0.75568,0.74919,0.75519,74496
2016.03.29,0:00,0.75518,0.76443,0.7509,0.76344,147808
2016.03.30,0:00,0.76344,0.7708,0.76139,0.76564,168555
2016.03.31,0:00,0.76564,0.77218,0.76332,0.7667,155043
2016.04.01,0:00,0.76671,0.76991,0.75977,0.76814,138056
2016.04.03,0:00,0.76689,0.76771,0.76631,0.76653,6028
2016.04.04,0:00,0.76653,0.76721,0.75941,0.75951,128849
2016.04.05,0:00,0.7595,0.76307,0.7509,0.75433,156152
2016.04.06,0:00,0.75433,0.76183,0.75316,0.76092,144499
2016.04.07,0:00,0.76093,0.76365,0.74906,0.75124,163337
2016.04.08,0:00,0.75124,0.75782,0.75077,0.75505,137279
2016.04.10,0:00,0.75477,0.75701,0.75427,0.75623,6685
2016.04.11,0:00,0.75622,0.7629,0.75268,0.75913,148400
2016.04.12,0:00,0.75912,0.76887,0.75822,0.76835,146412
2016.04.13,0:00,0.76831,0.77149,0.7633,0.76572,142807
2016.04.14,0:00,0.76572,0.77358,0.76181,0.76889,135505
2016.04.15,0:00,0.76889,0.77334,0.76795,0.77284,121503
2016.04.17,0:00,0.76632,0.76749,0.76301,0.7643,11845
2016.04.18,0:00,0.76428,0.77742,0.76338,0.77678,143593
2016.04.19,0:00,0.77678,0.78251,0.77587,0.77959,127509
2016.04.20,0:00,0.77959,0.78282,0.77658,0.77993,138698
2016.04.21,0:00,0.77992,0.78338,0.77317,0.77432,150369
2016.04.22,0:00,0.77432,0.77732,0.76927,0.77071,127175
2016.04.24,0:00,0.76982,0.7711,0.76982,0.77084,6018
2016.04.25,0:00,0.77084,0.7728,0.76899,0.77131,107630
2016.04.26,0:00,0.77131,0.77641,0.76957,0.77443,124790
2016.04.27,0:00,0.77443,0.77642,0.75472,0.7602,159294
2016.04.28,0:00,0.7602,0.76565,0.75756,0.7631,160262
2016.04.29,0:00,0.76311,0.76672,0.75861,0.76076,132386
2016.05.01,0:00,0.75964,0.76197,0.75956,0.76141,8126
2016.05.02,0:00,0.76139,0.76706,0.75934,0.76614,119250
2016.05.03,0:00,0.76612,0.7718,0.74805,0.7496,166283
2016.05.04,0:00,0.74959,0.75162,0.74459,0.74632,155674
2016.05.05,0:00,0.74632,0.75128,0.74547,0.74758,131721
2016.05.06,0:00,0.74758,0.74759,0.73365,0.73666,134776
2016.05.08,0:00,0.73575,0.738,0.73503,0.73718,6483
2016.05.09,0:00,0.73717,0.7384,0.73011,0.73136,119966
2016.05.10,0:00,0.73137,0.73799,0.72988,0.73685,124318
2016.05.11,0:00,0.73685,0.7401,0.73348,0.7353,116831
2016.05.12,0:00,0.7353,0.7372,0.73087,0.73153,117726
2016.05.13,0:00,0.73153,0.73184,0.72527,0.72664,117833
2016.05.15,0:00,0.7255,0.72727,0.72478,0.72719,6369
2016.05.16,0:00,0.72719,0.73076,0.72678,0.72851,93937
2016.05.17,0:00,0.72852,0.73653,0.72811,0.73156,116145
2016.05.18,0:00,0.73157,0.73165,0.72145,0.72202,127479
2016.05.19,0:00,0.72203,0.72355,0.71749,0.72295,128045
2016.05.20,0:00,0.72296,0.72484,0.72105,0.72206,89723
2016.05.22,0:00,0.72199,0.72303,0.72199,0.72225,4021
2016.05.23,0:00,0.72225,0.72587,0.71937,0.72164,96371
2016.05.24,0:00,0.72164,0.7223,0.71439,0.71875,106420
2016.05.25,0:00,0.71877,0.72179,0.71723,0.71848,99279
2016.05.26,0:00,0.71847,0.72424,0.71605,0.72234,101243
2016.05.27,0:00,0.72234,0.72338,0.7171,0.71838,88881
2016.05.29,0:00,0.71765,0.71861,0.71755,0.71772,6780
2016.05.30,0:00,0.71772,0.7194,0.71476,0.7193,69753
2016.05.31,0:00,0.7193,0.72658,0.71837,0.72343,108562
2016.06.01,0:00,0.72343,0.72979,0.72262,0.72475,125286
2016.06.02,0:00,0.72475,0.72681,0.72003,0.72283,108427
2016.06.03,0:00,0.72283,0.73673,0.72226,0.73653,115045
2016.06.05,0:00,0.73656,0.73664,0.73369,0.73419,7348
2016.06.06,0:00,0.73418,0.73793,0.73142,0.73708,107641
2016.06.07,0:00,0.73708,0.74625,0.73585,0.74423,103106
2016.06.08,0:00,0.74422,0.75031,0.74292,0.74894,109156
2016.06.09,0:00,0.74895,0.75029,0.7411,0.74115,112954
2016.06.10,0:00,0.74114,0.7423,0.73689,0.73762,95763
2016.06.12,0:00,0.73747,0.73778,0.73642,0.73707,6005
2016.06.13,0:00,0.73706,0.74098,0.7358,0.73749,96350
2016.06.14,0:00,0.7375,0.74033,0.73294,0.73509,103217
2016.06.15,0:00,0.73512,0.74448,0.73329,0.74128,106755
2016.06.16,0:00,0.74128,0.7438,0.72841,0.73908,130804
2016.06.17,0:00,0.73911,0.74096,0.73697,0.73869,96255
2016.06.19,0:00,0.74341,0.74341,0.74051,0.74261,7580
2016.06.20,0:00,0.74261,0.74798,0.74238,0.74551,82708
2016.06.21,0:00,0.74551,0.75114,0.7449,0.74495,78745
2016.06.22,0:00,0.74495,0.75252,0.74401,0.75089,80209
2016.06.23,0:00,0.75088,0.76435,0.7507,0.75425,126434
2016.06.24,0:00,0.75429,0.75806,0.73033,0.7466,175529
2016.06.26,0:00,0.74229,0.74452,0.74155,0.74256,9647
2016.06.27,0:00,0.74257,0.74503,0.73234,0.73542,133280
2016.06.28,0:00,0.73542,0.74141,0.73411,0.74008,103160
2016.06.29,0:00,0.74006,0.74714,0.73805,0.7466,101197
2016.06.30,0:00,0.74659,0.74669,0.73701,0.74451,122013
2016.07.01,0:00,0.74451,0.7502,0.7436,0.74953,82502
2016.07.03,0:00,0.74504,0.74687,0.74504,0.74612,6691
2016.07.04,0:00,0.74611,0.75437,0.74606,0.75245,68321
2016.07.05,0:00,0.75244,0.75435,0.74262,0.74408,119020
2016.07.06,0:00,0.74408,0.75287,0.74069,0.75125,148966
2016.07.07,0:00,0.75125,0.75375,0.74656,0.74917,140184
2016.07.08,0:00,0.74918,0.75707,0.74692,0.75689,110312
2016.07.10,0:00,0.75654,0.75676,0.75558,0.75559,4252
2016.07.11,0:00,0.75555,0.75744,0.75206,0.75349,98689
2016.07.12,0:00,0.75347,0.76567,0.75304,0.76009,121225
2016.07.13,0:00,0.76009,0.76372,0.75763,0.75926,122777
2016.07.14,0:00,0.75921,0.7652,0.75902,0.76108,117099
2016.07.15,0:00,0.76108,0.76751,0.75573,0.75598,117904
2016.07.17,0:00,0.75946,0.76016,0.75782,0.75879,11790
2016.07.18,0:00,0.75879,0.76054,0.7564,0.75755,94856
2016.07.19,0:00,0.75754,0.75754,0.74748,0.75059,106397
2016.07.20,0:00,0.75058,0.7509,0.74585,0.74637,101821
2016.07.21,0:00,0.74637,0.75129,0.74548,0.75034,120945
2016.07.22,0:00,0.75033,0.75048,0.74416,0.74642,83088
2016.07.24,0:00,0.74601,0.74765,0.74552,0.74721,8006
2016.07.25,0:00,0.74721,0.74913,0.7454,0.74732,81086
2016.07.26,0:00,0.74731,0.7539,0.74614,0.75128,101254
2016.07.27,0:00,0.75128,0.75644,0.74195,0.75167,133538
2016.07.28,0:00,0.75167,0.75482,0.74924,0.7509,99453
2016.07.29,0:00,0.75089,0.7609,0.7492,0.75997,115179
2016.07.31,0:00,0.7592,0.76028,0.75837,0.75861,7469
2016.08.01,0:00,0.75862,0.7614,0.7522,0.75258,87969
2016.08.02,0:00,0.75258,0.76366,0.74879,0.75964,116929
2016.08.03,0:00,0.75963,0.76126,0.75671,0.75871,94664
2016.08.04,0:00,0.7587,0.76407,0.75863,0.76384,98117
2016.08.05,0:00,0.76383,0.76629,0.75964,0.7615,87149
2016.08.07,0:00,0.76147,0.76154,0.75995,0.761,7122
2016.08.08,0:00,0.76099,0.7671,0.75961,0.76591,70284
2016.08.09,0:00,0.7659,0.76858,0.76206,0.76614,80134
2016.08.10,0:00,0.76613,0.77546,0.76612,0.77103,106104
2016.08.11,0:00,0.77101,0.77243,0.76882,0.76902,86986
2016.08.12,0:00,0.76901,0.77234,0.76452,0.76488,87028
2016.08.14,0:00,0.76554,0.76607,0.76496,0.76537,3508
2016.08.15,0:00,0.76537,0.76905,0.76352,0.76743,74411
2016.08.16,0:00,0.76742,0.77481,0.76526,0.76939,118975
2016.08.17,0:00,0.76939,0.77042,0.76078,0.76607,116539
2016.08.18,0:00,0.76605,0.7722,0.76482,0.76764,118396
2016.08.19,0:00,0.76763,0.76763,0.75978,0.76225,96208
2016.08.21,0:00,0.76043,0.76249,0.76023,0.76049,9017
2016.08.22,0:00,0.76046,0.76426,0.75826,0.76282,97769
2016.08.23,0:00,0.76282,0.7654,0.76094,0.76105,98701
2016.08.24,0:00,0.76107,0.76329,0.75873,0.76065,102934
2016.08.25,0:00,0.76064,0.76378,0.76008,0.76222,81790
2016.08.26,0:00,0.76222,0.76911,0.75501,0.75611,119039
2016.08.28,0:00,0.75591,0.7561,0.75384,0.75389,7155
2016.08.29,0:00,0.7539,0.75804,0.75237,0.75739,98190
2016.08.30,0:00,0.75739,0.75787,0.74992,0.75219,93714
2016.08.31,0:00,0.7522,0.75321,0.7489,0.75171,104962
2016.09.01,0:00,0.75172,0.75577,0.75032,0.75488,109079
2016.09.02,0:00,0.75488,0.76148,0.75349,0.75685,114638
2016.09.04,0:00,0.75686,0.75762,0.75615,0.7563,3586
2016.09.05,0:00,0.7563,0.76053,0.75629,0.75899,84776
2016.09.06,0:00,0.759,0.76868,0.75898,0.76815,107963
2016.09.07,0:00,0.76813,0.76969,0.76501,0.76665,102577
2016.09.08,0:00,0.76667,0.7731,0.76353,0.76487,116742
2016.09.09,0:00,0.76486,0.76557,0.75364,0.75376,113981
2016.09.11,0:00,0.75427,0.75447,0.75296,0.75409,8361
2016.09.12,0:00,0.75408,0.75655,0.74928,0.75644,134614
2016.09.13,0:00,0.75645,0.75667,0.74411,0.74653,149407
2016.09.14,0:00,0.74653,0.74948,0.74497,0.748,130854
2016.09.15,0:00,0.748,0.75214,0.74451,0.75114,145889
2016.09.16,0:00,0.75112,0.75256,0.74741,0.74916,117703
2016.09.18,0:00,0.74817,0.75058,0.74767,0.75001,6831
2016.09.19,0:00,0.75001,0.75717,0.74997,0.75374,98157
2016.09.20,0:00,0.75373,0.75639,0.75292,0.75525,103045
2016.09.21,0:00,0.75525,0.76394,0.75333,0.76313,146668
2016.09.22,0:00,0.76314,0.76734,0.76244,0.76442,115261
2016.09.23,0:00,0.76442,0.76521,0.76079,0.76227,102006
2016.09.25,0:00,0.76152,0.76206,0.76074,0.76127,6823
2016.09.26,0:00,0.76127,0.76482,0.76017,0.76296,103201
2016.09.27,0:00,0.76296,0.76942,0.76104,0.7667,120655
2016.09.28,0:00,0.76669,0.76949,0.76435,0.76927,113533
2016.09.29,0:00,0.76922,0.77089,0.7622,0.76267,135417
2016.09.30,0:00,0.76266,0.76701,0.75892,0.76568,110914
2016.10.02,0:00,0.76521,0.76637,0.76403,0.76414,4786
2016.10.03,0:00,0.76414,0.76898,0.76392,0.76822,87202
2016.10.04,0:00,0.76822,0.76867,0.7605,0.76092,125839
2016.10.05,0:00,0.76092,0.76436,0.75915,0.76187,107115
2016.10.06,0:00,0.76186,0.76199,0.75609,0.75736,111238
2016.10.07,0:00,0.75737,0.76233,0.7552,0.7587,150619
2016.10.09,0:00,0.76083,0.76083,0.75921,0.7599,6607
2016.10.10,0:00,0.7599,0.76275,0.75789,0.75978,92463
2016.10.11,0:00,0.75978,0.75978,0.75322,0.75591,120317
2016.10.12,0:00,0.75591,0.75913,0.7545,0.75523,120749
2016.10.13,0:00,0.75523,0.75805,0.75054,0.75622,124488
2016.10.14,0:00,0.75623,0.76464,0.75552,0.76144,114518
2016.10.16,0:00,0.76161,0.76204,0.75927,0.75939,7691
2016.10.17,0:00,0.75939,0.76409,0.75801,0.76382,96380
2016.10.18,0:00,0.76381,0.76884,0.7638,0.76722,93081
2016.10.19,0:00,0.76718,0.77282,0.7658,0.77247,96930
2016.10.20,0:00,0.77248,0.77333,0.76175,0.76312,105499
2016.10.21,0:00,0.76312,0.76497,0.75861,0.7604,82511
2016.10.23,0:00,0.76091,0.76091,0.75991,0.7601,6261
2016.10.24,0:00,0.7601,0.76395,0.75879,0.75908,80481
2016.10.25,0:00,0.75907,0.76539,0.75904,0.76487,105937
2016.10.26,0:00,0.76485,0.77061,0.76273,0.7647,106765
2016.10.27,0:00,0.76468,0.7651,0.75786,0.75888,103628
2016.10.28,0:00,0.75889,0.76067,0.75566,0.7594,117577
2016.10.30,0:00,0.75906,0.75978,0.75862,0.75942,7271
2016.10.31,0:00,0.75942,0.76163,0.75819,0.76056,89342
2016.11.01,0:00,0.76055,0.76878,0.75967,0.76443,113808
2016.11.02,0:00,0.76442,0.76756,0.76116,0.76484,131943
2016.11.03,0:00,0.76484,0.76866,0.76359,0.76826,123910
2016.11.04,0:00,0.76826,0.76957,0.76509,0.76734,120668
2016.11.06,0:00,0.7674,0.76763,0.76581,0.7676,8170
2016.11.07,0:00,0.7676,0.77268,0.76654,0.77146,102540
2016.11.08,0:00,0.77146,0.77755,0.76865,0.77417,107651
2016.11.09,0:00,0.77415,0.7769,0.75784,0.76489,266844
2016.11.10,0:00,0.76488,0.77396,0.75681,0.76072,184261
2016.11.11,0:00,0.7607,0.76284,0.75255,0.75475,194265
2016.11.13,0:00,0.75426,0.75606,0.75422,0.75493,7491
2016.11.14,0:00,0.75493,0.75721,0.75237,0.7566,172306
2016.11.15,0:00,0.75662,0.75799,0.75118,0.75528,158562
2016.11.16,0:00,0.75528,0.757,0.74606,0.74901,153172
2016.11.17,0:00,0.74897,0.75001,0.73952,0.73985,143520
2016.11.18,0:00,0.73984,0.74052,0.73305,0.73381,160148
2016.11.20,0:00,0.73301,0.73324,0.73129,0.73229,7994
2016.11.21,0:00,0.73229,0.73808,0.73096,0.7375,145447
2016.11.22,0:00,0.73751,0.74123,0.73678,0.7407,134255
2016.11.23,0:00,0.7407,0.74438,0.73688,0.73708,135738
2016.11.24,0:00,0.73707,0.74165,0.73631,0.74153,116510
2016.11.25,0:00,0.74152,0.74656,0.73991,0.74311,136714
2016.11.27,0:00,0.74412,0.74475,0.74335,0.7441,4278
2016.11.28,0:00,0.74407,0.74935,0.7432,0.7493,128478
2016.11.29,0:00,0.74929,0.74963,0.74326,0.74831,123386
2016.11.30,0:00,0.74832,0.7496,0.73743,0.73863,153334
2016.12.01,0:00,0.73863,0.7423,0.73689,0.74205,131602
2016.12.02,0:00,0.74204,0.74676,0.74013,0.74567,115227
2016.12.04,0:00,0.74506,0.74529,0.74113,0.74373,15506
2016.12.05,0:00,0.74373,0.74953,0.74142,0.74712,128604
2016.12.06,0:00,0.74711,0.74793,0.74315,0.74718,98358
2016.12.07,0:00,0.74718,0.74858,0.74169,0.74848,86348
2016.12.08,0:00,0.74846,0.75062,0.74276,0.74569,122692
2016.12.09,0:00,0.74569,0.7495,0.74337,0.74499,89448
2016.12.11,0:00,0.74435,0.74503,0.74295,0.74463,5920
2016.12.12,0:00,0.74465,0.75014,0.74362,0.74955,104286
2016.12.13,0:00,0.74955,0.75207,0.74746,0.74921,104151
2016.12.14,0:00,0.74921,0.75221,0.73946,0.74104,129577
2016.12.15,0:00,0.74103,0.74311,0.73379,0.73651,166283
2016.12.16,0:00,0.73651,0.73679,0.72663,0.72981,114766
2016.12.18,0:00,0.72887,0.72943,0.72725,0.72885,8854
2016.12.19,0:00,0.72885,0.73116,0.72402,0.72492,101821
2016.12.20,0:00,0.72495,0.72702,0.72231,0.72655,87309
2016.12.21,0:00,0.72654,0.72784,0.72253,0.72334,78351
2016.12.22,0:00,0.72335,0.72567,0.71962,0.72194,88246
2016.12.23,0:00,0.72193,0.72264,0.71587,0.71747,66810
2016.12.26,0:00,0.71814,0.71826,0.71752,0.71778,7197
2016.12.27,0:00,0.71778,0.71957,0.71713,0.71888,66762
2016.12.28,0:00,0.71889,0.72173,0.7164,0.71833,80556
2016.12.29,0:00,0.71834,0.72452,0.71819,0.72336,89504
2016.12.30,0:00,0.72335,0.72455,0.72032,0.72038,106822
2017.01.02,0:00,0.71956,0.72022,0.71911,0.71945,5176
2017.01.03,0:00,0.71955,0.72411,0.71939,0.72289,58596
2017.01.04,0:00,0.72289,0.72879,0.72189,0.72876,66777
2017.01.05,0:00,0.72878,0.73565,0.72777,0.7337,88147
2017.01.06,0:00,0.73372,0.73549,0.72882,0.72949,67519
2017.01.08,0:00,0.72923,0.73116,0.72882,0.73115,2526
2017.01.09,0:00,0.73117,0.73738,0.73014,0.73559,58256
2017.01.10,0:00,0.73559,0.73845,0.73309,0.73593,68152
2017.01.11,0:00,0.73593,0.74717,0.73522,0.74457,91236
2017.01.12,0:00,0.74456,0.75183,0.74297,0.74888,78660
2017.01.13,0:00,0.74888,0.75086,0.74491,0.74965,71121
2017.01.15,0:00,0.74858,0.75055,0.74806,0.7498,3282
2017.01.16,0:00,0.74984,0.75022,0.74582,0.74713,56036
2017.01.17,0:00,0.74717,0.75682,0.74647,0.75498,85874
2017.01.18,0:00,0.75498,0.75661,0.75025,0.75091,69124
2017.01.19,0:00,0.75091,0.75738,0.74932,0.75659,84251
2017.01.20,0:00,0.75664,0.75886,0.75173,0.75581,82502
2017.01.22,0:00,0.75546,0.75724,0.75537,0.75722,2587
2017.01.23,0:00,0.7572,0.76019,0.755,0.75819,71619
2017.01.24,0:00,0.75818,0.76089,0.75534,0.75911,60650
2017.01.25,0:00,0.75913,0.75982,0.7515,0.75737,74583
2017.01.26,0:00,0.75737,0.7585,0.75215,0.75319,68871
2017.01.27,0:00,0.75319,0.75728,0.75115,0.75465,64666
2017.01.29,0:00,0.75571,0.75611,0.75517,0.75539,2970
2017.01.30,0:00,0.75542,0.75666,0.75277,0.7565,57005
2017.01.31,0:00,0.75654,0.76054,0.7542,0.75773,68075
2017.02.01,0:00,0.75773,0.75968,0.75512,0.75829,61652
2017.02.02,0:00,0.75826,0.7696,0.75826,0.76543,64089
2017.02.03,0:00,0.76545,0.76953,0.762,0.76815,63501
2017.02.05,0:00,0.768,0.76825,0.76711,0.76744,2103
2017.02.06,0:00,0.76745,0.76805,0.76293,0.7645,59951
2017.02.07,0:00,0.76451,0.76809,0.76056,0.76207,63745
2017.02.08,0:00,0.76204,0.76658,0.76113,0.76314,62649
2017.02.09,0:00,0.76315,0.76639,0.76104,0.76233,57563
2017.02.10,0:00,0.76233,0.76886,0.76177,0.76699,53067
2017.02.12,0:00,0.76779,0.76781,0.76627,0.76692,2728
2017.02.13,0:00,0.76692,0.76774,0.76311,0.76411,48765
2017.02.14,0:00,0.7641,0.76964,0.76178,0.76689,61626
2017.02.15,0:00,0.76693,0.77211,0.76369,0.77209,56732
2017.02.16,0:00,0.77203,0.7732,0.76846,0.76969,63348
2017.02.17,0:00,0.76969,0.77127,0.76559,0.76665,55839
2017.02.19,0:00,0.76703,0.76773,0.76658,0.76658,2446
2017.02.20,0:00,0.76659,0.76904,0.76591,0.76888,38950
2017.02.21,0:00,0.76889,0.76896,0.76497,0.76756,48927
2017.02.22,0:00,0.76758,0.77146,0.76667,0.76959,54114
2017.02.23,0:00,0.76957,0.77406,0.76651,0.77122,55209
2017.02.24,0:00,0.77124,0.77196,0.76644,0.76686,46027
2017.02.26,0:00,0.76815,0.76815,0.76628,0.76684,3046
2017.02.27,0:00,0.76681,0.77077,0.76663,0.76755,47497
2017.02.28,0:00,0.76755,0.76947,0.76369,0.76419,51098
2017.03.01,0:00,0.76419,0.76995,0.76368,0.76588,66148
2017.03.02,0:00,0.76589,0.76671,0.75575,0.7572,51013
2017.03.03,0:00,0.75721,0.75975,0.75429,0.75953,55089
2017.03.05,0:00,0.75856,0.75946,0.75831,0.75943,2259
2017.03.06,0:00,0.75944,0.76094,0.75703,0.75903,48933
2017.03.07,0:00,0.75907,0.76326,0.75839,0.75922,54768
2017.03.08,0:00,0.75924,0.76089,0.75181,0.75265,60490
2017.03.09,0:00,0.75266,0.7534,0.74911,0.75071,65737
2017.03.10,0:00,0.75071,0.75567,0.75055,0.75406,62990
2017.03.12,0:00,0.75464,0.75469,0.75371,0.75375,1800
2017.03.13,0:00,0.75376,0.75923,0.75339,0.75653,130997
2017.03.14,0:00,0.75653,0.75793,0.75402,0.75583,123017
2017.03.15,0:00,0.75584,0.77192,0.75551,0.77015,181103
2017.03.16,0:00,0.77018,0.77178,0.76637,0.76729,169651
2017.03.17,0:00,0.7673,0.77177,0.76633,0.77037,120159
2017.03.19,0:00,0.77002,0.77092,0.7699,0.77007,2686
2017.03.20,0:00,0.77007,0.7748,0.76971,0.77283,117168
2017.03.21,0:00,0.77284,0.77497,0.76801,0.76808,156399
2017.03.22,0:00,0.76807,0.76847,0.76394,0.76708,162939
2017.03.23,0:00,0.76708,0.76722,0.76223,0.7629,157582
2017.03.24,0:00,0.7629,0.76406,0.76039,0.76225,132488
2017.03.26,0:00,0.76328,0.76354,0.76272,0.76288,3387
2017.03.27,0:00,0.76289,0.76482,0.76081,0.76207,127600
2017.03.28,0:00,0.76206,0.76545,0.75873,0.76353,128870
2017.03.29,0:00,0.76353,0.76749,0.76309,0.76652,120784
2017.03.30,0:00,0.76652,0.76795,0.76382,0.76439,130996
2017.03.31,0:00,0.76439,0.76626,0.76223,0.76269,130134
2017.04.02,0:00,0.7632,0.76403,0.76289,0.76376,2765
2017.04.03,0:00,0.76376,0.76402,0.75911,0.76038,112465
2017.04.04,0:00,0.7604,0.76153,0.75452,0.75669,134935
2017.04.05,0:00,0.7567,0.75874,0.75587,0.75711,147840
2017.04.06,0:00,0.75711,0.75769,0.75323,0.75397,184373
2017.04.07,0:00,0.75398,0.75469,0.74941,0.7501,226425
2017.04.09,0:00,0.74931,0.75043,0.7492,0.75011,7911
2017.04.10,0:00,0.7501,0.75113,0.74762,0.7511,177785
2017.04.11,0:00,0.75111,0.75149,0.74742,0.75026,202635
2017.04.12,0:00,0.75028,0.7539,0.74731,0.75297,220944
2017.04.13,0:00,0.75298,0.75956,0.75279,0.75691,186402
2017.04.14,0:00,0.75689,0.75824,0.75569,0.75724,83428
2017.04.16,0:00,0.75722,0.75849,0.75702,0.75801,2548
2017.04.17,0:00,0.75802,0.76106,0.75772,0.75859,127882
2017.04.18,0:00,0.75863,0.7596,0.75338,0.75553,168361
2017.04.19,0:00,0.75553,0.75625,0.74916,0.75012,157959
2017.04.20,0:00,0.75012,0.7547,0.74925,0.75252,148471
2017.04.21,0:00,0.75251,0.75459,0.75158,0.75414,118424
2017.04.23,0:00,0.75837,0.75837,0.7539,0.75605,7567
2017.04.24,0:00,0.75605,0.75844,0.75469,0.75695,129985
2017.04.25,0:00,0.75694,0.75696,0.75208,0.75408,124992
2017.04.26,0:00,0.75408,0.75567,0.7455,0.74764,162276
2017.04.27,0:00,0.74766,0.74923,0.74401,0.74682,146350
2017.04.28,0:00,0.74683,0.74911,0.74478,0.74871,121519
2017.04.30,0:00,0.74669,0.74873,0.74669,0.7482,3398
2017.05.01,0:00,0.7482,0.75403,0.74741,0.75281,88666
2017.05.02,0:00,0.7528,0.75561,0.75105,0.75395,122017
2017.05.03,0:00,0.75396,0.75462,0.74197,0.74264,124245
2017.05.04,0:00,0.74264,0.74303,0.73831,0.74104,126194
2017.05.05,0:00,0.74105,0.74264,0.73676,0.74154,128103
2017.05.07,0:00,0.74107,0.74143,0.74048,0.74142,3114
2017.05.08,0:00,0.74143,0.74246,0.73779,0.7385,105102
2017.05.09,0:00,0.73852,0.73983,0.73289,0.73481,138832
2017.05.10,0:00,0.7348,0.73946,0.73335,0.73555,134855
2017.05.11,0:00,0.73555,0.73829,0.73386,0.73727,124227
2017.05.12,0:00,0.73727,0.7421,0.73684,0.73863,112205
2017.05.14,0:00,0.73896,0.73953,0.73847,0.73872,7624
2017.05.15,0:00,0.73872,0.74458,0.73864,0.74194,95086
2017.05.16,0:00,0.74195,0.74381,0.7395,0.74293,117346
2017.05.17,0:00,0.74292,0.74436,0.73887,0.74346,146370
2017.05.18,0:00,0.74343,0.74669,0.74083,0.7415,187946
2017.05.19,0:00,0.74149,0.74695,0.74064,0.74558,123536
2017.05.22,0:00,0.7456,0.74885,0.7435,0.7471,37669
2017.05.23,0:00,0.74711,0.75169,0.74679,0.74774,43778
2017.05.24,0:00,0.74774,0.75074,0.74423,0.74991,43672
2017.05.25,0:00,0.74992,0.75159,0.74508,0.7455,142089
2017.05.26,0:00,0.74552,0.74613,0.7422,0.74449,136097
2017.05.28,0:00,0.74349,0.74447,0.74349,0.74412,2996
2017.05.29,0:00,0.74412,0.74503,0.7427,0.74392,75699
2017.05.30,0:00,0.74403,0.74697,0.74162,0.74595,129051
2017.05.31,0:00,0.74595,0.74757,0.74234,0.74244,140322
2017.06.01,0:00,0.74243,0.74547,0.73721,0.73804,151211
2017.06.02,0:00,0.73804,0.74465,0.73742,0.74409,133820
2017.06.04,0:00,0.74257,0.74403,0.74253,0.74348,1587
2017.06.05,0:00,0.74348,0.74976,0.74219,0.74861,35724
2017.06.06,0:00,0.7486,0.75221,0.74569,0.75126,125290
2017.06.07,0:00,0.75127,0.75668,0.74999,0.7547,135155
2017.06.08,0:00,0.7547,0.75543,0.75249,0.75385,125290
2017.06.09,0:00,0.75384,0.75442,0.75194,0.75274,116215
2017.06.11,0:00,0.75281,0.75327,0.75279,0.75296,2055
2017.06.12,0:00,0.75296,0.75471,0.75216,0.75439,101372
2017.06.13,0:00,0.7544,0.75648,0.75243,0.75354,109466
2017.06.14,0:00,0.75355,0.76356,0.75324,0.75924,189274
2017.06.15,0:00,0.75925,0.76316,0.75683,0.75854,181499
2017.06.16,0:00,0.75853,0.76299,0.75763,0.76158,132753
2017.06.18,0:00,0.7618,0.76228,0.76164,0.76179,4193
2017.06.19,0:00,0.7621,0.76292,0.75851,0.75967,114199
2017.06.20,0:00,0.75966,0.76237,0.75706,0.75802,120748
2017.06.21,0:00,0.75803,0.75805,0.75415,0.75521,113120
2017.06.22,0:00,0.75521,0.75616,0.75354,0.75395,103911
2017.06.23,0:00,0.75394,0.75828,0.75394,0.75681,76652
2017.06.25,0:00,0.75641,0.7568,0.75624,0.75631,2893
2017.06.26,0:00,0.75633,0.75993,0.75599,0.7581,96118
2017.06.27,0:00,0.7581,0.76245,0.75741,0.7587,103989
2017.06.28,0:00,0.75871,0.76447,0.75772,0.76373,142596
2017.06.29,0:00,0.76373,0.76862,0.7635,0.7681,122015
2017.06.30,0:00,0.76811,0.77122,0.76672,0.76859,135451
2017.07.02,0:00,0.76791,0.76931,0.76777,0.76909,1499
2017.07.03,0:00,0.76911,0.76951,0.76446,0.76601,84135
2017.07.04,0:00,0.76602,0.76825,0.75911,0.76077,95665
2017.07.05,0:00,0.76076,0.76321,0.75713,0.76074,96736
2017.07.06,0:00,0.76075,0.76148,0.75771,0.75824,97312
2017.07.07,0:00,0.75825,0.76235,0.75722,0.7604,109250
2017.07.09,0:00,0.75996,0.76012,0.75948,0.75996,2012
2017.07.10,0:00,0.75994,0.76148,0.75864,0.76055,81600
2017.07.11,0:00,0.76056,0.76426,0.76031,0.76373,93711
2017.07.12,0:00,0.76373,0.76851,0.76368,0.76782,105268
2017.07.13,0:00,0.76781,0.77397,0.76747,0.77319,109208
2017.07.14,0:00,0.7732,0.7834,0.77312,0.78252,97037
2017.07.16,0:00,0.78291,0.78312,0.78205,0.78228,5309
2017.07.17,0:00,0.7823,0.78387,0.77901,0.77934,126490
2017.07.18,0:00,0.77936,0.7943,0.77863,0.79122,164784
2017.07.19,0:00,0.79122,0.79601,0.79121,0.79562,126274
2017.07.20,0:00,0.79561,0.79893,0.78975,0.79518,149087
2017.07.21,0:00,0.7952,0.79556,0.78752,0.79135,131783
2017.07.23,0:00,0.79056,0.79301,0.79053,0.79147,4520
2017.07.24,0:00,0.7915,0.79676,0.79034,0.79235,121992
2017.07.25,0:00,0.79235,0.79705,0.79026,0.79384,107169
2017.07.26,0:00,0.79385,0.80139,0.78779,0.79995,163370
2017.07.27,0:00,0.79994,0.80657,0.79563,0.79712,162397
2017.07.28,0:00,0.79711,0.80074,0.7937,0.79849,149474
2017.07.30,0:00,0.79812,0.799,0.79804,0.79891,4726
2017.07.31,0:00,0.79891,0.8004,0.79562,0.79985,123234
2017.08.01,0:00,0.79985,0.80427,0.79572,0.79595,139243
2017.08.02,0:00,0.79595,0.79929,0.79414,0.79643,111439
2017.08.03,0:00,0.79643,0.79643,0.79142,0.79552,128803
2017.08.04,0:00,0.79552,0.79797,0.78913,0.79288,128038
2017.08.06,0:00,0.79172,0.79366,0.79172,0.79332,6793
2017.08.07,0:00,0.79332,0.79486,0.7899,0.79075,92051
2017.08.08,0:00,0.7908,0.79429,0.78871,0.79109,112504
2017.08.09,0:00,0.7911,0.79146,0.78552,0.78924,126486
2017.08.10,0:00,0.78919,0.79107,0.786,0.78636,121497
2017.08.11,0:00,0.78629,0.79095,0.78389,0.78921,142704
2017.08.13,0:00,0.78898,0.78974,0.78891,0.78904,4736
2017.08.14,0:00,0.78904,0.7919,0.78449,0.78558,118379
2017.08.15,0:00,0.78558,0.78766,0.78079,0.78217,113956
2017.08.16,0:00,0.78215,0.79342,0.78202,0.79234,130578
2017.08.17,0:00,0.79234,0.79629,0.78803,0.78872,144193
2017.08.18,0:00,0.7887,0.79443,0.78696,0.79254,145740
2017.08.20,0:00,0.79268,0.79325,0.79261,0.79289,2582
2017.08.21,0:00,0.79289,0.79506,0.79108,0.79375,92065
2017.08.22,0:00,0.79375,0.79508,0.78976,0.79117,98534
2017.08.23,0:00,0.79118,0.7916,0.78824,0.79085,115228
2017.08.24,0:00,0.79085,0.7916,0.78668,0.79035,120284
2017.08.25,0:00,0.79036,0.79539,0.78854,0.79316,125307
2017.08.27,0:00,0.79265,0.79495,0.79265,0.79456,4760
2017.08.28,0:00,0.79453,0.79732,0.79054,0.79167,115284
2017.08.29,0:00,0.79169,0.7983,0.7911,0.79553,145200
2017.08.30,0:00,0.79555,0.79957,0.78903,0.79067,133190
2017.08.31,0:00,0.79067,0.79516,0.78713,0.79394,147993
2017.09.01,0:00,0.79394,0.79939,0.79219,0.79684,132839
2017.09.03,0:00,0.7947,0.79695,0.79458,0.79605,7811
2017.09.04,0:00,0.79602,0.7973,0.79416,0.79474,99451
2017.09.05,0:00,0.79474,0.80283,0.79424,0.80029,160944
2017.09.06,0:00,0.80029,0.80209,0.79635,0.80087,150179
2017.09.07,0:00,0.80086,0.80496,0.79745,0.80433,140278
2017.09.08,0:00,0.80435,0.81251,0.80432,0.80538,175331
2017.09.10,0:00,0.80551,0.80569,0.80447,0.80521,5157
2017.09.11,0:00,0.80521,0.80585,0.80188,0.80312,116723
2017.09.12,0:00,0.80318,0.80492,0.79984,0.80185,115554
2017.09.13,0:00,0.80185,0.80441,0.79705,0.79845,126693
2017.09.14,0:00,0.79846,0.80164,0.79559,0.79992,149288
2017.09.15,0:00,0.79993,0.80354,0.79866,0.8,132887
2017.09.17,0:00,0.7996,0.80047,0.79933,0.79985,3805
2017.09.18,0:00,0.79984,0.80352,0.79399,0.79635,115143
2017.09.19,0:00,0.79636,0.80201,0.79618,0.80062,137137
2017.09.20,0:00,0.80063,0.81028,0.79859,0.80299,163336
2017.09.21,0:00,0.80299,0.80301,0.79171,0.79268,140230
2017.09.22,0:00,0.79268,0.79864,0.79083,0.79599,111005
2017.09.24,0:00,0.79493,0.79602,0.7949,0.79562,2379
2017.09.25,0:00,0.79562,0.79736,0.79263,0.79365,114983
2017.09.26,0:00,0.79366,0.79487,0.78592,0.78842,130342
2017.09.27,0:00,0.78842,0.78885,0.78362,0.78515,148537
2017.09.28,0:00,0.78515,0.78601,0.77996,0.78503,124115
2017.09.29,0:00,0.78503,0.78548,0.78167,0.7832,98859
2017.10.01,0:00,0.78329,0.78476,0.78329,0.78448,2693
2017.10.02,0:00,0.78452,0.78463,0.77953,0.78325,97707
2017.10.03,0:00,0.78325,0.78386,0.77854,0.78337,107910
2017.10.04,0:00,0.78336,0.78751,0.78301,0.78603,100269
2017.10.05,0:00,0.78602,0.78653,0.77869,0.77912,93241
2017.10.06,0:00,0.77912,0.77983,0.77331,0.77758,119491
2017.10.08,0:00,0.77705,0.77779,0.77703,0.77716,3488
2017.10.09,0:00,0.77716,0.77824,0.77479,0.77502,59819
2017.10.10,0:00,0.77502,0.7797,0.775,0.778,93329
2017.10.11,0:00,0.77801,0.78092,0.77708,0.7794,89350
2017.10.12,0:00,0.77941,0.78358,0.77922,0.78247,92521
2017.10.13,0:00,0.78244,0.78971,0.78216,0.7889,99462
2017.10.15,0:00,0.78828,0.78876,0.78769,0.78776,3395
2017.10.16,0:00,0.78774,0.78897,0.7843,0.78483,95866
2017.10.17,0:00,0.78484,0.78609,0.78183,0.78423,91547
2017.10.18,0:00,0.78421,0.78579,0.7819,0.78445,83955
2017.10.19,0:00,0.78445,0.7884,0.78411,0.7878,109661
2017.10.20,0:00,0.78779,0.7882,0.78083,0.78151,101799
2017.10.22,0:00,0.78189,0.78197,0.7807,0.78131,3673
2017.10.23,0:00,0.78133,0.78346,0.77963,0.78083,80941
2017.10.24,0:00,0.78083,0.78247,0.77705,0.77757,101851
2017.10.25,0:00,0.77758,0.77839,0.76903,0.77022,123660
2017.10.26,0:00,0.77022,0.7719,0.76554,0.76566,112195
2017.10.27,0:00,0.76566,0.76782,0.7625,0.76763,109800
2017.10.29,0:00,0.76717,0.76753,0.76668,0.76668,2738
2017.10.30,0:00,0.76667,0.76913,0.76557,0.76836,77236
2017.10.31,0:00,0.76836,0.76991,0.76399,0.76534,82947
2017.11.01,0:00,0.76534,0.76959,0.76483,0.76751,103768
2017.11.02,0:00,0.76751,0.77298,0.76732,0.7712,102360
2017.11.03,0:00,0.77121,0.77155,0.76392,0.76505,80507
2017.11.05,0:00,0.76476,0.76541,0.76448,0.765,3822
2017.11.06,0:00,0.765,0.76931,0.76385,0.76867,74752
2017.11.07,0:00,0.76868,0.77006,0.76274,0.76543,81533
2017.11.08,0:00,0.76543,0.7685,0.76446,0.76791,73504
2017.11.09,0:00,0.76792,0.76938,0.76497,0.7682,82502
2017.11.10,0:00,0.76821,0.76951,0.76541,0.76578,76360
2017.11.12,0:00,0.76507,0.76556,0.76451,0.76464,4803
2017.11.13,0:00,0.76464,0.76658,0.76097,0.7615,67899
2017.11.14,0:00,0.7615,0.76498,0.76126,0.76298,92433
2017.11.15,0:00,0.76298,0.76318,0.75733,0.75914,111798
2017.11.16,0:00,0.75914,0.76094,0.75701,0.75871,83360
2017.11.17,0:00,0.7587,0.76081,0.75361,0.75648,85477
2017.11.19,0:00,0.75655,0.7567,0.75509,0.7553,9166
2017.11.20,0:00,0.75526,0.75738,0.75441,0.7554,75721
2017.11.21,0:00,0.7554,0.75903,0.75322,0.75849,85811
2017.11.22,0:00,0.75848,0.76236,0.75553,0.76132,89333
2017.11.23,0:00,0.76131,0.76388,0.76037,0.7625,75721
2017.11.24,0:00,0.7625,0.76277,0.76068,0.76117,75878
2017.11.26,0:00,0.76152,0.7617,0.76093,0.76111,5044
2017.11.27,0:00,0.76111,0.76449,0.75931,0.76073,76498
2017.11.28,0:00,0.76072,0.76201,0.75881,0.76062,87258
2017.11.29,0:00,0.76062,0.76077,0.75522,0.75662,90067
2017.11.30,0:00,0.75664,0.75945,0.75512,0.75625,98781
2017.12.01,0:00,0.75624,0.76391,0.75562,0.76105,106489
2017.12.03,0:00,0.7593,0.76002,0.75873,0.75881,5450
2017.12.04,0:00,0.75881,0.7614,0.75796,0.76036,79946
2017.12.05,0:00,0.76038,0.76538,0.75984,0.76042,82980
2017.12.06,0:00,0.76041,0.76333,0.75585,0.75672,72841
2017.12.07,0:00,0.75671,0.75676,0.75053,0.75108,71529
2017.12.08,0:00,0.75109,0.75336,0.75014,0.75086,68773
2017.12.10,0:00,0.75072,0.7512,0.75033,0.75068,4274
2017.12.11,0:00,0.75068,0.75453,0.75066,0.75288,69494
2017.12.12,0:00,0.75287,0.75801,0.75193,0.75563,61942
2017.12.13,0:00,0.75563,0.75805,0.75563,0.75779,6967
2017.12.17,0:00,0.76432,0.76496,0.76432,0.76463,3735
2017.12.18,0:00,0.76465,0.76776,0.76408,0.76642,72122
2017.12.19,0:00,0.76645,0.7684,0.76461,0.7652,73306
2017.12.20,0:00,0.76519,0.76797,0.76513,0.76708,76120
2017.12.21,0:00,0.76708,0.77079,0.76537,0.77055,75508
2017.12.22,0:00,0.77056,0.77208,0.7702,0.77148,66970
2017.12.24,0:00,0.77095,0.77126,0.77048,0.771,140
2017.12.25,0:00,0.771,0.77243,0.76953,0.77231,3676
2017.12.26,0:00,0.7723,0.77307,0.77127,0.77298,35665
2017.12.27,0:00,0.77299,0.77791,0.77298,0.77736,67725
2017.12.28,0:00,0.77736,0.78095,0.77735,0.77937,60570
2017.12.29,0:00,0.77938,0.7825,0.77885,0.77994,64627
2018.01.01,0:00,0.78035,0.78183,0.77946,0.77988,8576
2018.01.02,0:00,0.77988,0.78447,0.77988,0.78306,75739
2018.01.03,0:00,0.78305,0.78449,0.78053,0.78268,76333
2018.01.04,0:00,0.78268,0.78687,0.78146,0.78634,80386
2018.01.05,0:00,0.78635,0.78747,0.78352,0.78621,76134
2018.01.07,0:00,0.78616,0.78711,0.78591,0.78592,4227
2018.01.08,0:00,0.78592,0.78725,0.7827,0.78451,61855
2018.01.09,0:00,0.7845,0.78646,0.78075,0.78108,84540
2018.01.10,0:00,0.78109,0.7867,0.78082,0.78465,105756
2018.01.11,0:00,0.78466,0.78962,0.78378,0.78859,109632
2018.01.12,0:00,0.7886,0.79245,0.78481,0.79149,108668
2018.01.14,0:00,0.79062,0.79178,0.79062,0.7908,3263
2018.01.15,0:00,0.7908,0.79784,0.79074,0.79602,96828
2018.01.16,0:00,0.79603,0.79748,0.79371,0.79708,103545
2018.01.17,0:00,0.79707,0.80228,0.79406,0.79712,138715
2018.01.18,0:00,0.79711,0.80116,0.79418,0.80057,120708
2018.01.19,0:00,0.80057,0.80386,0.7982,0.79835,108713
2018.01.21,0:00,0.79978,0.80027,0.79927,0.80016,4037
2018.01.22,0:00,0.80016,0.8027,0.7979,0.80076,76578
2018.01.23,0:00,0.80078,0.80298,0.79565,0.80045,98138
2018.01.24,0:00,0.80043,0.80829,0.79936,0.80496,117987
2018.01.25,0:00,0.80497,0.81188,0.80047,0.80289,180323
2018.01.26,0:00,0.80288,0.81358,0.80253,0.81079,144956
2018.01.28,0:00,0.81032,0.81179,0.81016,0.81166,4733
2018.01.29,0:00,0.81166,0.81181,0.80742,0.80958,122733
2018.01.30,0:00,0.80962,0.81135,0.80428,0.80995,123449
2018.01.31,0:00,0.80995,0.8117,0.8035,0.80592,153083
2018.02.01,0:00,0.80593,0.80673,0.79875,0.80393,139075
2018.02.02,0:00,0.80392,0.80403,0.79181,0.79205,154689
2018.02.04,0:00,0.79111,0.7917,0.78905,0.79044,8884
2018.02.05,0:00,0.79043,0.79538,0.78723,0.78774,149604
2018.02.06,0:00,0.78772,0.79102,0.78354,0.78933,214758
2018.02.07,0:00,0.78933,0.79076,0.78111,0.78161,132950
2018.02.08,0:00,0.7816,0.78434,0.77677,0.77885,191001
2018.02.09,0:00,0.77887,0.78302,0.77593,0.78118,171184
2018.02.11,0:00,0.7814,0.78212,0.78114,0.78202,4194
2018.02.12,0:00,0.78203,0.78644,0.78098,0.78578,111991
2018.02.13,0:00,0.78579,0.78767,0.78279,0.78615,105611
2018.02.14,0:00,0.78614,0.79343,0.77731,0.79294,164849
2018.02.15,0:00,0.79294,0.79664,0.78921,0.79428,140493
2018.02.16,0:00,0.79428,0.79886,0.78927,0.79089,122969
2018.02.18,0:00,0.7907,0.79157,0.79066,0.79115,3357
2018.02.19,0:00,0.79115,0.79353,0.78981,0.79089,107564
2018.02.20,0:00,0.79089,0.79337,0.7874,0.78805,143636
2018.02.21,0:00,0.78804,0.7902,0.77968,0.77972,166675
2018.02.22,0:00,0.77973,0.78599,0.77905,0.78378,131806
2018.02.23,0:00,0.78379,0.78435,0.78043,0.78388,108141
2018.02.25,0:00,0.7839,0.78462,0.78362,0.78386,7232
2018.02.26,0:00,0.78386,0.78933,0.78257,0.78497,102495
2018.02.27,0:00,0.78496,0.78685,0.77833,0.77932,137537
2018.02.28,0:00,0.77934,0.78192,0.77563,0.77631,124691
2018.03.01,0:00,0.7763,0.77696,0.77124,0.77644,169596
2018.03.02,0:00,0.77646,0.77736,0.77376,0.77623,133816
2018.03.04,0:00,0.776,0.77679,0.77448,0.77557,6223
2018.03.05,0:00,0.77557,0.77736,0.77257,0.77645,110637
2018.03.06,0:00,0.77647,0.78424,0.77565,0.77857,141144
2018.03.07,0:00,0.77854,0.783,0.77718,0.78264,127842
2018.03.08,0:00,0.78263,0.78389,0.77728,0.77908,129200
2018.03.09,0:00,0.77908,0.78539,0.77763,0.78458,117574
2018.03.11,0:00,0.78512,0.78554,0.78466,0.78546,3960
2018.03.12,0:00,0.78546,0.78797,0.78533,0.78685,91691
2018.03.13,0:00,0.78684,0.78976,0.7846,0.78548,139161
2018.03.14,0:00,0.78546,0.79163,0.78546,0.78743,123008
2018.03.15,0:00,0.78744,0.78853,0.77895,0.77902,114318
2018.03.16,0:00,0.77904,0.7804,0.77099,0.77114,99743
2018.03.18,0:00,0.7717,0.77191,0.77116,0.77119,3454
2018.03.19,0:00,0.77122,0.77259,0.76867,0.77082,129450
2018.03.20,0:00,0.77081,0.7721,0.76787,0.76867,110109
2018.03.21,0:00,0.76867,0.778,0.76723,0.77652,121921
2018.03.22,0:00,0.77652,0.77853,0.7687,0.76977,175609
2018.03.23,0:00,0.76981,0.77439,0.76876,0.76956,174417
2018.03.25,0:00,0.77019,0.77099,0.7695,0.77069,3039
2018.03.26,0:00,0.77069,0.77526,0.77051,0.77457,117378
2018.03.27,0:00,0.77456,0.77577,0.76752,0.76806,139174
2018.03.28,0:00,0.76807,0.77024,0.76534,0.76555,155870
2018.03.29,0:00,0.76556,0.76895,0.76429,0.76791,131337
2018.03.30,0:00,0.76791,0.77066,0.76726,0.76776,193380
2018.04.01,0:00,0.76851,0.76926,0.76838,0.7686,1042
2018.04.02,0:00,0.76859,0.7695,0.76496,0.76579,75900
2018.04.03,0:00,0.76578,0.7707,0.7652,0.76852,118085
2018.04.04,0:00,0.76853,0.77264,0.76627,0.77246,125800
2018.04.05,0:00,0.77246,0.77251,0.76643,0.76666,104104
2018.04.06,0:00,0.76664,0.76995,0.76576,0.76718,129857
2018.04.08,0:00,0.76785,0.76801,0.76691,0.76769,2429
2018.04.09,0:00,0.7677,0.7711,0.76521,0.76964,98813
2018.04.10,0:00,0.76964,0.7768,0.76936,0.7766,109929
2018.04.11,0:00,0.77659,0.77727,0.77395,0.77601,89786
2018.04.12,0:00,0.776,0.77715,0.77382,0.77563,88741
2018.04.13,0:00,0.77564,0.78099,0.77524,0.77607,79056
2018.04.15,0:00,0.77646,0.77788,0.77627,0.77778,1456
2018.04.16,0:00,0.77774,0.77845,0.77521,0.77812,33941
2018.04.17,0:00,0.77812,0.77912,0.77602,0.777,38234
2018.04.18,0:00,0.77699,0.77974,0.77443,0.77877,39530
2018.04.19,0:00,0.77878,0.78128,0.7719,0.77265,50594
2018.04.20,0:00,0.77266,0.77288,0.76553,0.76696,45962
2018.04.22,0:00,0.7672,0.76743,0.76622,0.76692,1724
2018.04.23,0:00,0.7669,0.76827,0.75998,0.76058,45734
2018.04.24,0:00,0.76058,0.76208,0.75785,0.76021,56668
2018.04.25,0:00,0.7602,0.76063,0.75524,0.75681,55565
2018.04.26,0:00,0.75681,0.75888,0.75471,0.75546,64520
2018.04.27,0:00,0.75545,0.75839,0.7532,0.75818,54301
2018.04.29,0:00,0.75761,0.75804,0.75754,0.75754,1267
2018.04.30,0:00,0.75754,0.75821,0.75254,0.75292,52815
2018.05.01,0:00,0.75292,0.75464,0.74727,0.7487,57856
2018.05.02,0:00,0.7487,0.75372,0.74756,0.74913,77160
2018.05.03,0:00,0.74914,0.75428,0.74855,0.75296,76157
2018.05.04,0:00,0.75303,0.75605,0.74923,0.75388,61169
2018.05.06,0:00,0.7538,0.75401,0.75327,0.75335,1228
2018.05.07,0:00,0.75336,0.7543,0.74932,0.75125,53092
2018.05.08,0:00,0.75126,0.75279,0.74338,0.74479,61743
2018.05.09,0:00,0.7448,0.74725,0.74123,0.74607,57547
2018.05.10,0:00,0.74605,0.75396,0.74548,0.75319,66204
2018.05.11,0:00,0.75317,0.75667,0.75229,0.75416,53465
2018.05.13,0:00,0.75419,0.75465,0.75402,0.75459,1356
2018.05.14,0:00,0.75459,0.7565,0.75206,0.75259,48703
2018.05.15,0:00,0.7526,0.75375,0.74479,0.74669,62053
2018.05.16,0:00,0.7467,0.75229,0.74472,0.7521,62082
2018.05.17,0:00,0.75208,0.75475,0.74976,0.75134,56851
2018.05.18,0:00,0.75131,0.7528,0.74886,0.75084,50651
2018.05.20,0:00,0.75164,0.7532,0.75161,0.75232,2346
2018.05.21,0:00,0.75232,0.75874,0.75032,0.75873,48322
2018.05.22,0:00,0.7587,0.76053,0.75665,0.75787,54065
2018.05.23,0:00,0.75788,0.75826,0.75225,0.7565,67422
2018.05.24,0:00,0.75651,0.75827,0.7542,0.75799,64578
2018.05.25,0:00,0.75798,0.759,0.75426,0.75466,54368
2018.05.27,0:00,0.75599,0.75622,0.75548,0.7558,2231
2018.05.28,0:00,0.75578,0.75808,0.75398,0.75461,49195
2018.05.29,0:00,0.75462,0.75526,0.74981,0.74997,74258
2018.05.30,0:00,0.75006,0.75838,0.74762,0.75736,73113
2018.05.31,0:00,0.75737,0.75931,0.75528,0.75731,43994
2018.06.01,0:00,0.7573,0.75731,0.75141,0.75672,45625
2018.06.03,0:00,0.75647,0.75725,0.75605,0.75625,1233
2018.06.04,0:00,0.75624,0.76663,0.75624,0.76526,62998
2018.06.05,0:00,0.76525,0.76558,0.75947,0.76193,70760
2018.06.06,0:00,0.76193,0.76767,0.76171,0.7669,64701
2018.06.07,0:00,0.76691,0.7673,0.76126,0.76234,66408
2018.06.08,0:00,0.76237,0.76271,0.75607,0.75967,62109
2018.06.10,0:00,0.75907,0.76014,0.75902,0.75932,1050
2018.06.11,0:00,0.75933,0.76216,0.75933,0.76081,44448
2018.06.12,0:00,0.76082,0.76237,0.75657,0.7573,59341
2018.06.13,0:00,0.75731,0.7609,0.75295,0.75761,61213
2018.06.14,0:00,0.75762,0.75776,0.74677,0.7476,72532
2018.06.15,0:00,0.7476,0.74805,0.74393,0.74397,64979
2018.06.17,0:00,0.7439,0.74426,0.74374,0.74375,1013
2018.06.18,0:00,0.74374,0.74543,0.74137,0.7422,49588
2018.06.19,0:00,0.74222,0.74269,0.73473,0.73803,74141
2018.06.20,0:00,0.73806,0.74089,0.73656,0.73718,68245
2018.06.21,0:00,0.73717,0.73937,0.73456,0.73794,84133
2018.06.22,0:00,0.73795,0.74436,0.73741,0.74404,70395
2018.06.24,0:00,0.74397,0.74416,0.74359,0.74383,739
2018.06.25,0:00,0.74384,0.74425,0.73962,0.74149,50756
2018.06.26,0:00,0.74149,0.74231,0.738,0.7391,72397
2018.06.27,0:00,0.73911,0.74072,0.73239,0.73421,82873
2018.06.28,0:00,0.73423,0.73622,0.73299,0.73492,77857
2018.06.29,0:00,0.73494,0.74094,0.73358,0.74068,55731
2018.07.01,0:00,0.74041,0.74052,0.7395,0.74004,1350
2018.07.02,0:00,0.74001,0.74054,0.73107,0.7338,56880
2018.07.03,0:00,0.73391,0.74042,0.73144,0.73853,59828
2018.07.04,0:00,0.73852,0.74244,0.73744,0.73843,46307
2018.07.05,0:00,0.73842,0.74082,0.73614,0.73867,59181
2018.07.06,0:00,0.73868,0.74441,0.7376,0.74288,55873
2018.07.08,0:00,0.74347,0.74374,0.74285,0.74314,1096
2018.07.09,0:00,0.74312,0.74837,0.74285,0.74651,50751
2018.07.10,0:00,0.74651,0.74837,0.74142,0.7426,53931
2018.07.11,0:00,0.7426,0.74321,0.73605,0.73646,69698
2018.07.12,0:00,0.73646,0.74197,0.73614,0.74029,54928
2018.07.13,0:00,0.74026,0.74242,0.73683,0.7424,49697
2018.07.15,0:00,0.74206,0.74231,0.74129,0.74215,885
2018.07.16,0:00,0.74215,0.74422,0.7409,0.74188,49030
2018.07.17,0:00,0.74187,0.74382,0.73759,0.73818,58917
2018.07.18,0:00,0.73818,0.74077,0.73432,0.73973,55862
2018.07.19,0:00,0.73974,0.74413,0.73226,0.73555,72451
2018.07.20,0:00,0.73558,0.74312,0.7318,0.74182,73772
2018.07.22,0:00,0.74174,0.74321,0.7417,0.74314,953
2018.07.23,0:00,0.74315,0.74375,0.73716,0.73818,53534
2018.07.24,0:00,0.73819,0.74341,0.73597,0.7423,56755
2018.07.25,0:00,0.74232,0.74645,0.7392,0.7449,62986
2018.07.26,0:00,0.74491,0.7463,0.7372,0.73775,55539
2018.07.27,0:00,0.73774,0.74147,0.737,0.74001,49105
2018.07.29,0:00,0.7403,0.74049,0.74001,0.74011,715
2018.07.30,0:00,0.74011,0.74134,0.73858,0.74098,41636
2018.07.31,0:00,0.74099,0.74408,0.74041,0.74127,55049
2018.08.01,0:00,0.74127,0.74239,0.73901,0.74052,50814
2018.08.02,0:00,0.74052,0.74114,0.73551,0.73634,47921
2018.08.03,0:00,0.73635,0.74115,0.73483,0.7396,51324
2018.08.05,0:00,0.73958,0.74,0.73939,0.73941,790
2018.08.06,0:00,0.7394,0.74053,0.73743,0.73855,38756
2018.08.07,0:00,0.73855,0.74396,0.73843,0.74185,41860
2018.08.08,0:00,0.74188,0.74394,0.73832,0.74305,43122
2018.08.09,0:00,0.74305,0.74531,0.73686,0.73688,48305
2018.08.10,0:00,0.73686,0.73752,0.72807,0.72955,67863
2018.08.12,0:00,0.72715,0.72931,0.72715,0.72913,1617
2018.08.13,0:00,0.72919,0.72998,0.72566,0.72724,63270
2018.08.14,0:00,0.72726,0.72832,0.72241,0.72406,56759
2018.08.15,0:00,0.72406,0.72476,0.72025,0.7239,62548
2018.08.16,0:00,0.72389,0.72865,0.72153,0.72609,64882
2018.08.17,0:00,0.72609,0.73192,0.72527,0.73154,55744
2018.08.19,0:00,0.7315,0.7316,0.73105,0.73118,931
2018.08.20,0:00,0.73119,0.73467,0.72957,0.73452,48908
2018.08.21,0:00,0.73452,0.73816,0.73331,0.7359,56124
2018.08.22,0:00,0.73591,0.73691,0.73338,0.73507,53575
2018.08.23,0:00,0.73507,0.73516,0.72406,0.7246,55054
2018.08.24,0:00,0.72457,0.73443,0.72379,0.73239,54031
2018.08.26,0:00,0.733,0.73352,0.73274,0.73329,1512
2018.08.27,0:00,0.73333,0.73565,0.73074,0.73493,48594
2018.08.28,0:00,0.73493,0.73624,0.73213,0.73381,56597
2018.08.29,0:00,0.73382,0.73489,0.7275,0.73076,58308
2018.08.30,0:00,0.73076,0.7313,0.72494,0.72622,56529
2018.08.31,0:00,0.72622,0.72654,0.71759,0.7193,59566
2018.09.02,0:00,0.71882,0.71918,0.71835,0.7187,1024
2018.09.03,0:00,0.71869,0.72235,0.71662,0.72114,42186
2018.09.04,0:00,0.72114,0.72353,0.71573,0.71798,54880
2018.09.05,0:00,0.71797,0.72177,0.7145,0.71927,56879
2018.09.06,0:00,0.71926,0.72111,0.71662,0.71995,60896
2018.09.07,0:00,0.71996,0.72006,0.70986,0.71049,62222
2018.09.09,0:00,0.71029,0.7113,0.71012,0.71083,1259
2018.09.10,0:00,0.71084,0.71318,0.70992,0.71135,47652
2018.09.11,0:00,0.71135,0.71288,0.70852,0.71182,52018
2018.09.12,0:00,0.71181,0.71825,0.70934,0.71706,54576
2018.09.13,0:00,0.71712,0.72293,0.71679,0.7191,51870
2018.09.14,0:00,0.71911,0.7216,0.71506,0.71521,47893
2018.09.16,0:00,0.71529,0.7157,0.71501,0.71501,951
2018.09.17,0:00,0.71501,0.71964,0.71419,0.71533,44722
2018.09.18,0:00,0.71531,0.72342,0.71442,0.72283,59549
2018.09.19,0:00,0.72286,0.72751,0.72134,0.72588,53537
2018.09.20,0:00,0.72588,0.72928,0.72541,0.72886,49172
2018.09.21,0:00,0.72885,0.73037,0.72629,0.7288,47503
2018.09.23,0:00,0.72654,0.72747,0.7264,0.72706,1144
2018.09.24,0:00,0.72708,0.72816,0.7251,0.72533,45061
2018.09.25,0:00,0.72535,0.72629,0.72362,0.72484,48694
2018.09.26,0:00,0.72483,0.73147,0.72408,0.72608,54078
2018.09.27,0:00,0.72608,0.72684,0.72029,0.72052,55802
2018.09.28,0:00,0.72052,0.72412,0.72023,0.72156,48795
2018.09.30,0:00,0.72246,0.72295,0.72219,0.72295,838
2018.10.01,0:00,0.72295,0.72319,0.7207,0.72237,50826
2018.10.02,0:00,0.72238,0.7238,0.71623,0.71876,56246
2018.10.03,0:00,0.71876,0.71969,0.7101,0.71049,58111
2018.10.04,0:00,0.71055,0.71066,0.70656,0.70785,60887
2018.10.05,0:00,0.70786,0.70865,0.70425,0.70493,56954
2018.10.07,0:00,0.70536,0.70599,0.70518,0.70541,1072
2018.10.08,0:00,0.70541,0.70815,0.70418,0.70741,51017
2018.10.09,0:00,0.70742,0.7108,0.70541,0.71061,57291
2018.10.10,0:00,0.71061,0.71305,0.70434,0.70662,61719
2018.10.11,0:00,0.70663,0.71292,0.70593,0.71216,84751
2018.10.12,0:00,0.71218,0.71396,0.7102,0.71153,64612
2018.10.14,0:00,0.71099,0.7112,0.71053,0.71053,1243
2018.10.15,0:00,0.71054,0.71488,0.7099,0.7137,64105
2018.10.16,0:00,0.71372,0.7151,0.71122,0.71402,57490
2018.10.17,0:00,0.71407,0.71597,0.71054,0.71054,61452
2018.10.18,0:00,0.71055,0.7151,0.70916,0.70984,68827
2018.10.19,0:00,0.70984,0.715,0.70895,0.7119,63297
2018.10.21,0:00,0.71147,0.71255,0.71128,0.71128,1663
2018.10.22,0:00,0.71129,0.71252,0.70762,0.70781,59341
2018.10.23,0:00,0.70781,0.70909,0.70555,0.70809,70343
2018.10.24,0:00,0.70808,0.71063,0.70556,0.70654,75540
2018.10.25,0:00,0.70653,0.70995,0.70566,0.70798,75101
2018.10.26,0:00,0.70797,0.71043,0.70209,0.70867,84975
2018.10.28,0:00,0.70913,0.70991,0.70875,0.70979,1007
2018.10.29,0:00,0.70979,0.71088,0.70509,0.7058,71003
2018.10.30,0:00,0.7058,0.71222,0.70568,0.70979,69090
2018.10.31,0:00,0.70979,0.71069,0.7068,0.70792,60788
2018.11.01,0:00,0.70798,0.72124,0.70785,0.71995,63150
2018.11.02,0:00,0.71997,0.72585,0.71825,0.71979,69394
2018.11.04,0:00,0.71887,0.72048,0.71887,0.71984,1985
2018.11.05,0:00,0.71986,0.72179,0.71824,0.72117,57277
2018.11.06,0:00,0.72118,0.72465,0.72053,0.72426,61284
2018.11.07,0:00,0.7242,0.72999,0.7213,0.72744,71624
2018.11.08,0:00,0.72746,0.73025,0.72472,0.72655,69885
2018.11.09,0:00,0.72654,0.72703,0.72193,0.72244,76048
2018.11.11,0:00,0.72185,0.72286,0.72144,0.72264,2807
2018.11.12,0:00,0.72265,0.72375,0.71702,0.71745,65716
2018.11.13,0:00,0.71746,0.72362,0.71643,0.72306,72928
2018.11.14,0:00,0.72305,0.72536,0.7188,0.72327,76548
2018.11.15,0:00,0.72326,0.72981,0.72322,0.72713,79106
2018.11.16,0:00,0.72712,0.73377,0.72502,0.73298,61794
2018.11.18,0:00,0.73113,0.73246,0.731,0.73174,3979
2018.11.19,0:00,0.73177,0.73256,0.72773,0.72953,53955
2018.11.20,0:00,0.72957,0.73005,0.72025,0.72167,65492
2018.11.21,0:00,0.72167,0.72771,0.72101,0.72619,58705
2018.11.22,0:00,0.72622,0.7268,0.72343,0.725,39166
2018.11.23,0:00,0.72499,0.72548,0.72188,0.7229,46798
2018.11.25,0:00,0.72273,0.72374,0.72273,0.72323,2102
2018.11.26,0:00,0.72326,0.72758,0.72128,0.72234,53499
2018.11.27,0:00,0.72234,0.72692,0.71992,0.72284,61257
2018.11.28,0:00,0.72283,0.73278,0.72213,0.73009,59230
2018.11.29,0:00,0.73011,0.73444,0.72952,0.7322,61430
2018.11.30,0:00,0.7322,0.7326,0.72845,0.73126,55155
2018.12.02,0:00,0.73738,0.73739,0.73557,0.73738,4290
2018.12.03,0:00,0.7374,0.73934,0.73464,0.73562,58109
2018.12.04,0:00,0.73562,0.73935,0.73262,0.73447,69424
2018.12.05,0:00,0.73448,0.73559,0.72576,0.72645,54087
2018.12.06,0:00,0.72645,0.72661,0.71917,0.72335,83474
2018.12.07,0:00,0.72335,0.72416,0.71983,0.71993,66321
2018.12.09,0:00,0.71907,0.71958,0.7178,0.71804,3385
2018.12.10,0:00,0.71804,0.72267,0.71795,0.71909,70884
2018.12.11,0:00,0.71909,0.7225,0.71847,0.72126,69095
2018.12.12,0:00,0.72125,0.72379,0.72015,0.7217,68245
2018.12.13,0:00,0.72175,0.72466,0.72123,0.72223,62123
2018.12.14,0:00,0.72224,0.72283,0.71515,0.7175,61248
2018.12.16,0:00,0.71739,0.71791,0.71735,0.71753,5893
2018.12.17,0:00,0.71756,0.71871,0.71686,0.71766,56972
2018.12.18,0:00,0.71791,0.72035,0.71653,0.71891,69912
2018.12.19,0:00,0.71892,0.72007,0.70874,0.71127,75083
2018.12.20,0:00,0.71128,0.71488,0.70861,0.71158,87248
2018.12.21,0:00,0.71158,0.71227,0.70318,0.70319,71975
2018.12.23,0:00,0.70363,0.70514,0.70342,0.7049,2677
2018.12.24,0:00,0.70493,0.70691,0.70374,0.70436,50647
2018.12.25,0:00,0.70342,0.70483,0.70329,0.70462,1469
2018.12.26,0:00,0.70462,0.70777,0.70326,0.7074,33346
2018.12.27,0:00,0.70738,0.7077,0.70169,0.70344,73538
2018.12.28,0:00,0.70344,0.70691,0.70302,0.70368,59611
2018.12.30,0:00,0.70428,0.70491,0.70421,0.70434,3351
2018.12.31,0:00,0.70434,0.70713,0.70327,0.70501,39601
2019.01.01,0:00,0.70482,0.70528,0.70434,0.7048,2314
2019.01.02,0:00,0.70479,0.70485,0.66562,0.69166,75854
2019.01.03,0:00,0.69167,0.70194,0.69167,0.70059,79377
2019.01.04,0:00,0.70059,0.71246,0.69936,0.71184,66179
2019.01.06,0:00,0.71109,0.71245,0.71095,0.71235,2889
2019.01.07,0:00,0.71236,0.71496,0.71147,0.71445,55854
2019.01.08,0:00,0.71445,0.71715,0.71165,0.71652,64010
2019.01.09,0:00,0.71652,0.71939,0.71433,0.71747,64298
2019.01.10,0:00,0.7175,0.71976,0.71462,0.71869,58862
2019.01.11,0:00,0.71869,0.72351,0.71823,0.72158,55991
2019.01.13,0:00,0.72098,0.72109,0.72012,0.72012,2188
2019.01.14,0:00,0.72012,0.7218,0.71756,0.71992,52204
2019.01.15,0:00,0.71998,0.72256,0.718,0.72066,59797
2019.01.16,0:00,0.72067,0.72121,0.71619,0.7172,46343
2019.01.17,0:00,0.71718,0.72214,0.71469,0.71895,51264
2019.01.18,0:00,0.71895,0.72146,0.71616,0.71617,45525
2019.01.20,0:00,0.71654,0.71667,0.71595,0.71629,1467
2019.01.21,0:00,0.71627,0.71819,0.71401,0.71588,45450
2019.01.22,0:00,0.71587,0.71603,0.71161,0.7121,46727
2019.01.23,0:00,0.7121,0.71471,0.71197,0.71471,46552
2019.01.24,0:00,0.71469,0.71667,0.70773,0.70923,55721
2019.01.25,0:00,0.70922,0.71852,0.7076,0.71789,50980
2019.01.27,0:00,0.71767,0.71854,0.71739,0.71784,1820
2019.01.28,0:00,0.71783,0.72039,0.7159,0.71657,41729
2019.01.29,0:00,0.71656,0.71761,0.71381,0.7157,50020
2019.01.30,0:00,0.71566,0.72729,0.71501,0.72537,61699
2019.01.31,0:00,0.72537,0.72953,0.72459,0.72718,60088
2019.02.01,0:00,0.72719,0.72842,0.72366,0.72476,52695
2019.02.03,0:00,0.72469,0.72498,0.72434,0.72479,1630
2019.02.04,0:00,0.72479,0.72539,0.72114,0.72127,47589
2019.02.05,0:00,0.72129,0.72645,0.71937,0.72423,48743
2019.02.06,0:00,0.72422,0.72455,0.71021,0.71104,55120
2019.02.07,0:00,0.71104,0.71173,0.70894,0.7094,52171
2019.02.08,0:00,0.70941,0.71013,0.70606,0.7088,49117
2019.02.10,0:00,0.70871,0.71078,0.70822,0.71003,2597
2019.02.11,0:00,0.71004,0.7108,0.70571,0.70622,53576
2019.02.12,0:00,0.70621,0.7108,0.70541,0.71035,53413
2019.02.13,0:00,0.71035,0.7136,0.7085,0.70913,55053
2019.02.14,0:00,0.70913,0.71316,0.70719,0.7104,63965
2019.02.15,0:00,0.71041,0.71485,0.70794,0.71378,54727
2019.02.17,0:00,0.71339,0.71478,0.71339,0.7145,2299
2019.02.18,0:00,0.71449,0.71606,0.71245,0.7131,47436
2019.02.19,0:00,0.7131,0.71738,0.71036,0.71672,55641
2019.02.20,0:00,0.71673,0.7183,0.71413,0.71685,60354
2019.02.21,0:00,0.71685,0.72068,0.70708,0.71081,70205
2019.02.22,0:00,0.7108,0.71503,0.70827,0.71247,58966
2019.02.24,0:00,0.71351,0.71581,0.71309,0.71569,3038
2019.02.25,0:00,0.71569,0.71844,0.71344,0.71721,57864
2019.02.26,0:00,0.71719,0.71988,0.71421,0.71932,55365
2019.02.27,0:00,0.71934,0.71958,0.71273,0.7148,61086
2019.02.28,0:00,0.7148,0.71665,0.70901,0.71015,62157
2019.03.01,0:00,0.71013,0.71217,0.70695,0.70767,49451
2019.03.03,0:00,0.70953,0.71074,0.70934,0.70993,3580
2019.03.04,0:00,0.70992,0.71025,0.70753,0.70897,55146
2019.03.05,0:00,0.70897,0.70966,0.7059,0.70871,52478
2019.03.06,0:00,0.70871,0.70921,0.70213,0.7032,53735
2019.03.07,0:00,0.70319,0.70516,0.70051,0.70237,48529
2019.03.08,0:00,0.70235,0.70523,0.70032,0.70454,48958
2019.03.10,0:00,0.70316,0.70422,0.70305,0.70385,1108
2019.03.11,0:00,0.70386,0.70804,0.70266,0.70734,41209
2019.03.12,0:00,0.70733,0.70918,0.70574,0.70765,44705
2019.03.13,0:00,0.70767,0.70979,0.70491,0.70938,44403
2019.03.14,0:00,0.70938,0.70968,0.70413,0.70647,48043
2019.03.15,0:00,0.70649,0.70972,0.70618,0.70852,38391
2019.03.17,0:00,0.70832,0.70875,0.70803,0.70807,1023
2019.03.18,0:00,0.70809,0.71197,0.70783,0.70957,38540
2019.03.19,0:00,0.70961,0.71108,0.7085,0.70896,43570
2019.03.20,0:00,0.70898,0.71497,0.70568,0.71267,52391
2019.03.21,0:00,0.71268,0.71681,0.70898,0.71113,59489
2019.03.22,0:00,0.71113,0.71149,0.70756,0.70798,61003
2019.03.24,0:00,0.70777,0.70829,0.70761,0.70769,1489
2019.03.25,0:00,0.70769,0.71168,0.70654,0.71105,53528
2019.03.26,0:00,0.71106,0.71476,0.71082,0.71373,51275
2019.03.27,0:00,0.71371,0.71396,0.70686,0.7086,57322
2019.03.28,0:00,0.70865,0.7106,0.70645,0.70783,54796
2019.03.29,0:00,0.70783,0.71048,0.70744,0.70976,49652
2019.03.31,0:00,0.71144,0.71173,0.71051,0.71052,1737
2019.04.01,0:00,0.71058,0.71318,0.71012,0.71112,47572
2019.04.02,0:00,0.71111,0.71294,0.70526,0.70582,47704
2019.04.03,0:00,0.7058,0.71299,0.70545,0.71179,48554
2019.04.04,0:00,0.71179,0.71272,0.70977,0.71104,41760
2019.04.05,0:00,0.71104,0.71317,0.70923,0.71059,38163
2019.04.07,0:00,0.71054,0.7109,0.71015,0.7105,1233
2019.04.08,0:00,0.7105,0.71307,0.70875,0.71206,37805
2019.04.09,0:00,0.71207,0.71524,0.71202,0.71244,40874
2019.04.10,0:00,0.71244,0.71748,0.71095,0.71694,47741
2019.04.11,0:00,0.71694,0.71703,0.71166,0.71231,39568
2019.04.12,0:00,0.71232,0.71924,0.71161,0.71715,45107
2019.04.14,0:00,0.71762,0.71795,0.71704,0.71728,1276
2019.04.15,0:00,0.71728,0.71823,0.71639,0.71702,39991
2019.04.16,0:00,0.71703,0.71791,0.71397,0.71616,44441
2019.04.17,0:00,0.71618,0.72059,0.71565,0.71744,41243
2019.04.18,0:00,0.71745,0.71991,0.71366,0.71508,42895
2019.04.19,0:00,0.71508,0.71588,0.71444,0.715,20302
2019.04.21,0:00,0.7151,0.71525,0.71435,0.71497,923
2019.04.22,0:00,0.71495,0.7151,0.71284,0.71384,22954
2019.04.23,0:00,0.71383,0.71395,0.70811,0.70954,38325
2019.04.24,0:00,0.70957,0.71013,0.70044,0.70145,48618
2019.04.25,0:00,0.70146,0.70228,0.69882,0.70191,39514
2019.04.26,0:00,0.70192,0.70613,0.70072,0.70424,41211
2019.04.28,0:00,0.70356,0.70443,0.70356,0.70431,799
2019.04.29,0:00,0.7043,0.70608,0.70393,0.70552,26927
2019.04.30,0:00,0.70558,0.70691,0.7031,0.70414,38867
2019.05.01,0:00,0.70418,0.70611,0.70073,0.70182,33105
2019.05.02,0:00,0.70183,0.70293,0.6995,0.70003,37514
2019.05.03,0:00,0.70003,0.70246,0.69849,0.70237,35899
2019.05.05,0:00,0.69734,0.69983,0.69704,0.69958,2574
2019.05.06,0:00,0.69959,0.70028,0.6963,0.69895,44321
2019.05.07,0:00,0.69903,0.70481,0.69807,0.70113,49106
2019.05.08,0:00,0.70113,0.70268,0.6986,0.69941,51135
2019.05.09,0:00,0.6994,0.6998,0.6965,0.69854,51905
2019.05.10,0:00,0.69856,0.70186,0.69787,0.69977,60752
2019.05.12,0:00,0.6999,0.70016,0.69885,0.69897,2159
2019.05.13,0:00,0.69899,0.6992,0.69396,0.69431,48961
2019.05.14,0:00,0.6943,0.69595,0.69351,0.69419,43030
2019.05.15,0:00,0.6942,0.69421,0.69146,0.69294,94636
2019.05.16,0:00,0.69293,0.69329,0.68865,0.68919,63053
2019.05.17,0:00,0.68918,0.68971,0.68648,0.68674,43741
2019.05.19,0:00,0.68997,0.69031,0.68903,0.68908,1997
2019.05.20,0:00,0.68912,0.69342,0.68901,0.69097,38645
2019.05.21,0:00,0.69095,0.69291,0.68664,0.68844,45040
2019.05.22,0:00,0.68845,0.68967,0.68713,0.68813,36760
2019.05.23,0:00,0.68813,0.69044,0.68649,0.68993,43697
2019.05.24,0:00,0.68993,0.69347,0.68812,0.69284,35787
2019.05.26,0:00,0.69307,0.69329,0.6927,0.69305,741
2019.05.27,0:00,0.69304,0.69386,0.69131,0.69193,26189
2019.05.28,0:00,0.69192,0.69357,0.69165,0.69227,39656
2019.05.29,0:00,0.69231,0.69316,0.69042,0.69186,44728
2019.05.30,0:00,0.69183,0.69368,0.68988,0.69126,37008
2019.05.31,0:00,0.69125,0.69441,0.6901,0.6934,56357
2019.06.02,0:00,0.6931,0.69375,0.69276,0.69332,2617
2019.06.03,0:00,0.69332,0.69825,0.69273,0.69752,52395
2019.06.04,0:00,0.69751,0.7004,0.69559,0.69899,56505
2019.06.05,0:00,0.69899,0.70075,0.69625,0.69697,55868
2019.06.06,0:00,0.69696,0.69944,0.69636,0.69772,59095
2019.06.07,0:00,0.69772,0.70221,0.69641,0.69989,53793
2019.06.09,0:00,0.70059,0.70073,0.69939,0.69947,1332
2019.06.10,0:00,0.69952,0.69994,0.69572,0.69608,47594
2019.06.11,0:00,0.69609,0.69665,0.69471,0.69605,52385
2019.06.12,0:00,0.69605,0.69632,0.69253,0.69312,54219
2019.06.13,0:00,0.69311,0.69386,0.69014,0.69149,49409
2019.06.14,0:00,0.69147,0.69167,0.68614,0.68697,47020
2019.06.16,0:00,0.68739,0.68762,0.68706,0.68749,961
2019.06.17,0:00,0.68741,0.68845,0.68488,0.68541,33867
2019.06.18,0:00,0.68544,0.68819,0.68318,0.68765,46271
2019.06.19,0:00,0.68765,0.69093,0.6855,0.6887,45665
2019.06.20,0:00,0.6887,0.69357,0.68802,0.69199,59053
2019.06.21,0:00,0.69198,0.69379,0.69033,0.69282,51989
2019.06.23,0:00,0.69315,0.69356,0.6929,0.69339,940
2019.06.24,0:00,0.69339,0.69686,0.69321,0.69659,46319
2019.06.25,0:00,0.6966,0.69783,0.69416,0.69575,64586
2019.06.26,0:00,0.69576,0.69949,0.69513,0.69855,51760
2019.06.27,0:00,0.69855,0.70088,0.69843,0.70051,41892
2019.06.28,0:00,0.70051,0.70226,0.69982,0.70226,39504
2019.06.30,0:00,0.70294,0.70351,0.7025,0.70301,2162
2019.07.01,0:00,0.70302,0.70313,0.69561,0.69661,46155
2019.07.02,0:00,0.69659,0.70004,0.69596,0.6993,40023
2019.07.03,0:00,0.69931,0.70392,0.69855,0.70339,36727
2019.07.04,0:00,0.70338,0.70478,0.70155,0.70259,22055
2019.07.05,0:00,0.70262,0.70288,0.69575,0.69789,35794
2019.07.07,0:00,0.69744,0.69833,0.69728,0.69817,676
2019.07.08,0:00,0.69816,0.69943,0.69672,0.69738,27051
2019.07.09,0:00,0.69739,0.69748,0.69206,0.6928,32169
2019.07.10,0:00,0.69281,0.69691,0.69106,0.69645,39233
2019.07.11,0:00,0.69647,0.6988,0.6954,0.6974,39838
2019.07.12,0:00,0.6974,0.70248,0.69712,0.70223,35459
2019.07.14,0:00,0.7013,0.70232,0.7013,0.70204,687
2019.07.15,0:00,0.70333,0.70443,0.70253,0.70415,22075
2019.07.16,0:00,0.70416,0.70428,0.70102,0.70124,40513
2019.07.17,0:00,0.70125,0.70249,0.69962,0.70103,34891
2019.07.18,0:00,0.70102,0.70821,0.70058,0.70572,46847
2019.07.19,0:00,0.70571,0.70771,0.70376,0.70452,46382
2019.07.21,0:00,0.70399,0.70471,0.70397,0.70412,802
2019.07.22,0:00,0.70411,0.70573,0.70312,0.70328,35151
2019.07.23,0:00,0.70328,0.70352,0.69962,0.70018,34765
2019.07.24,0:00,0.70018,0.70022,0.69726,0.69776,35877
2019.07.25,0:00,0.69775,0.69842,0.69425,0.69505,46710
2019.07.26,0:00,0.69504,0.69552,0.69027,0.69079,33626
2019.07.28,0:00,0.69062,0.69128,0.6906,0.69109,635
2019.07.29,0:00,0.69109,0.69165,0.68948,0.6903,24241
2019.07.30,0:00,0.69029,0.69084,0.68686,0.68748,31926
2019.07.31,0:00,0.68748,0.68993,0.68321,0.68491,46854
2019.08.01,0:00,0.6849,0.6868,0.67951,0.68028,57921
2019.08.02,0:00,0.68028,0.68189,0.67642,0.67984,61448
2019.08.04,0:00,0.67933,0.67956,0.67893,0.6791,927
2019.08.05,0:00,0.67909,0.68041,0.67482,0.67644,59628
2019.08.06,0:00,0.67644,0.68008,0.67531,0.67626,54896
2019.08.07,0:00,0.67625,0.67826,0.66768,0.67623,64501
2019.08.08,0:00,0.67624,0.68218,0.67478,0.67997,48580
2019.08.09,0:00,0.67997,0.68181,0.67801,0.67833,43156
2019.08.11,0:00,0.67816,0.67854,0.67805,0.67831,1172
2019.08.12,0:00,0.67831,0.67958,0.6745,0.67508,45997
2019.08.13,0:00,0.67509,0.68183,0.67474,0.67959,69886
2019.08.14,0:00,0.67958,0.68089,0.67358,0.67513,79015
2019.08.15,0:00,0.67516,0.67894,0.67475,0.67731,94429
2019.08.16,0:00,0.67737,0.67952,0.67707,0.67763,64789
2019.08.18,0:00,0.67847,0.67873,0.67779,0.67851,1607
2019.08.19,0:00,0.6785,0.67889,0.6762,0.67644,34886
2019.08.20,0:00,0.6765,0.67951,0.67546,0.67775,38628
2019.08.21,0:00,0.67775,0.67991,0.67729,0.67842,35201
2019.08.22,0:00,0.67843,0.67873,0.67509,0.67581,42968
2019.08.23,0:00,0.67582,0.67779,0.67359,0.67518,59223
2019.08.25,0:00,0.67409,0.67412,0.66897,0.66967,3997
2019.08.26,0:00,0.66966,0.67881,0.66958,0.67738,65572
2019.08.27,0:00,0.67738,0.67768,0.67466,0.67528,52343
2019.08.28,0:00,0.67529,0.67622,0.67327,0.67369,50725
2019.08.29,0:00,0.67369,0.67531,0.6717,0.67291,48801
2019.08.30,0:00,0.67293,0.67402,0.6706,0.67373,43710
2019.09.01,0:00,0.67254,0.67303,0.6723,0.67289,3532
2019.09.02,0:00,0.6729,0.67347,0.67101,0.67131,33535
2019.09.03,0:00,0.67132,0.67638,0.66876,0.67613,61811
2019.09.04,0:00,0.67613,0.68008,0.67591,0.67954,59296
2019.09.05,0:00,0.67955,0.68299,0.67944,0.68124,64519
2019.09.06,0:00,0.68122,0.68616,0.68072,0.68492,51014
2019.09.08,0:00,0.68402,0.68492,0.68402,0.68488,1862
2019.09.09,0:00,0.68488,0.68758,0.68373,0.68646,43259
2019.09.10,0:00,0.68647,0.68701,0.68489,0.68609,40288
2019.09.11,0:00,0.68607,0.68845,0.68488,0.68615,37500
2019.09.12,0:00,0.68615,0.68945,0.68605,0.68622,49578
2019.09.13,0:00,0.68623,0.68905,0.6859,0.68819,35301
2019.09.15,0:00,0.68659,0.6881,0.68636,0.68809,2586
2019.09.16,0:00,0.6881,0.68838,0.68539,0.68685,40605
2019.09.17,0:00,0.68687,0.68693,0.68305,0.68647,45816
2019.09.18,0:00,0.68647,0.68674,0.68141,0.68274,42282
2019.09.19,0:00,0.68274,0.68284,0.67803,0.67952,41868
2019.09.20,0:00,0.67953,0.68087,0.67602,0.67625,38197
2019.09.22,0:00,0.6766,0.67719,0.67647,0.67694,1045
2019.09.23,0:00,0.67694,0.67815,0.67654,0.67738,36586
2019.09.24,0:00,0.67739,0.68058,0.67653,0.68011,38520
2019.09.25,0:00,0.68011,0.68037,0.6739,0.67539,46356
2019.09.26,0:00,0.67532,0.67809,0.6746,0.675,46214
2019.09.27,0:00,0.675,0.67794,0.67435,0.67663,44383
2019.09.29,0:00,0.676,0.67656,0.67573,0.67594,1018
2019.09.30,0:00,0.67595,0.67706,0.67414,0.67503,43182
2019.10.01,0:00,0.67505,0.67754,0.66719,0.67032,55743
2019.10.02,0:00,0.67032,0.67186,0.66707,0.6706,51492
2019.10.03,0:00,0.67058,0.67531,0.67023,0.67459,52961
2019.10.04,0:00,0.67457,0.67739,0.67386,0.67665,51305
2019.10.06,0:00,0.67564,0.67636,0.67564,0.67598,2347
2019.10.07,0:00,0.67601,0.67654,0.67299,0.67312,45044
2019.10.08,0:00,0.67314,0.67571,0.67233,0.67287,47891
2019.10.09,0:00,0.67292,0.67498,0.6712,0.67121,45448
2019.10.10,0:00,0.67122,0.67745,0.67103,0.67609,60707
2019.10.11,0:00,0.6761,0.68105,0.67586,0.67937,56818
2019.10.13,0:00,0.67883,0.67977,0.67877,0.67945,1548
2019.10.14,0:00,0.67946,0.68015,0.67512,0.67776,48531
2019.10.15,0:00,0.67775,0.67888,0.67427,0.67501,56645
2019.10.16,0:00,0.67504,0.67657,0.67236,0.67549,53388
2019.10.17,0:00,0.6755,0.68332,0.67532,0.68248,58300
2019.10.18,0:00,0.68252,0.68568,0.68213,0.68564,41129
2019.10.20,0:00,0.68506,0.68551,0.68398,0.68453,3740
2019.10.21,0:00,0.68454,0.68803,0.68454,0.68642,45425
2019.10.22,0:00,0.6864,0.68828,0.68504,0.6858,50543
2019.10.23,0:00,0.68578,0.68624,0.6834,0.6852,52441
2019.10.24,0:00,0.68522,0.68576,0.68109,0.68138,52565
2019.10.25,0:00,0.68144,0.68362,0.68093,0.68211,36488
2019.10.27,0:00,0.68211,0.68261,0.68171,0.68213,1574
2019.10.28,0:00,0.68214,0.68454,0.6811,0.6836,41282
2019.10.29,0:00,0.68366,0.68719,0.68361,0.68578,50842
2019.10.30,0:00,0.68582,0.69021,0.68487,0.68996,68192
2019.10.31,0:00,0.68996,0.69297,0.68834,0.68877,70300
2019.11.01,0:00,0.68878,0.69213,0.68841,0.69133,53188
2019.11.03,0:00,0.69127,0.69153,0.69072,0.69151,1403
2019.11.04,0:00,0.69152,0.6925,0.68767,0.68888,33336
2019.11.05,0:00,0.68887,0.69281,0.68772,0.68895,44582
2019.11.06,0:00,0.68895,0.69074,0.6869,0.68766,31875
2019.11.07,0:00,0.68767,0.69132,0.68616,0.68989,44521
2019.11.08,0:00,0.6899,0.69063,0.68475,0.68583,30796
2019.11.10,0:00,0.68563,0.68612,0.6855,0.68576,1556
2019.11.11,0:00,0.68575,0.68654,0.68452,0.68483,29872
2019.11.12,0:00,0.68484,0.68573,0.68314,0.68416,43214
2019.11.13,0:00,0.68416,0.6857,0.68212,0.6839,43472
2019.11.14,0:00,0.68391,0.68411,0.67696,0.67867,43481
2019.11.15,0:00,0.67868,0.68207,0.67806,0.68205,30575
2019.11.17,0:00,0.68113,0.68166,0.68109,0.68147,1446
2019.11.18,0:00,0.68148,0.68223,0.67988,0.68044,32454
2019.11.19,0:00,0.68045,0.68346,0.6785,0.68244,34835
2019.11.20,0:00,0.68245,0.6831,0.679,0.67975,38450
2019.11.21,0:00,0.67976,0.68141,0.67833,0.67882,44781
2019.11.22,0:00,0.6788,0.68032,0.67804,0.67852,35811
2019.11.24,0:00,0.67886,0.67916,0.67869,0.67914,1591
2019.11.25,0:00,0.67914,0.67994,0.67681,0.67765,31890
2019.11.26,0:00,0.67764,0.67953,0.67681,0.67869,39745
2019.11.27,0:00,0.67867,0.67912,0.67593,0.67683,34280
2019.11.28,0:00,0.67696,0.67738,0.67616,0.67677,26125
2019.11.29,0:00,0.67675,0.67795,0.67543,0.67598,29268
2019.12.01,0:00,0.67679,0.67679,0.67616,0.67652,1950
2019.12.02,0:00,0.67651,0.68258,0.67639,0.68177,36168
2019.12.03,0:00,0.68176,0.68621,0.6816,0.68497,41540
2019.12.04,0:00,0.68498,0.68551,0.68131,0.68491,42953
2019.12.05,0:00,0.6849,0.68549,0.68209,0.68324,32925
2019.12.06,0:00,0.68326,0.68573,0.68236,0.6841,31733
2019.12.08,0:00,0.68311,0.68382,0.68311,0.68353,1537
2019.12.09,0:00,0.68354,0.68363,0.68178,0.68262,27110
2019.12.10,0:00,0.68262,0.68373,0.68001,0.68109,36886
2019.12.11,0:00,0.68108,0.68894,0.68044,0.68697,40332
2019.12.12,0:00,0.68698,0.69385,0.68698,0.69253,52088
2019.12.13,0:00,0.69254,0.6929,0.68637,0.6875,63080
2019.12.15,0:00,0.68815,0.68829,0.68698,0.68746,3817
2019.12.16,0:00,0.68746,0.68979,0.68684,0.68725,36371
2019.12.17,0:00,0.68728,0.68775,0.68384,0.68506,40994
2019.12.18,0:00,0.68505,0.68644,0.68387,0.68549,35541
2019.12.19,0:00,0.6855,0.68909,0.6854,0.68899,39106
2019.12.20,0:00,0.68898,0.69067,0.68842,0.69002,29730
2019.12.22,0:00,0.68934,0.69057,0.6891,0.69056,1590
2019.12.23,0:00,0.69056,0.69286,0.68971,0.69257,31592
2019.12.24,0:00,0.69256,0.69302,0.69124,0.69211,30456
2019.12.25,0:00,0.69174,0.69262,0.6917,0.69245,518
2019.12.26,0:00,0.69245,0.69496,0.69218,0.69464,11282
2019.12.27,0:00,0.69464,0.69871,0.69431,0.69842,34295
2019.12.29,0:00,0.69846,0.69887,0.69781,0.69819,1722
2019.12.30,0:00,0.6982,0.70044,0.6982,0.70012,40786
2019.12.31,0:00,0.70012,0.7032,0.69994,0.70161,31529
2020.01.01,0:00,0.70161,0.70195,0.70051,0.70188,1847
2020.01.02,0:00,0.70188,0.70198,0.69786,0.69832,36745
2020.01.03,0:00,0.69832,0.69865,0.69303,0.69448,43002
2020.01.05,0:00,0.69405,0.69448,0.69326,0.69435,3110
2020.01.06,0:00,0.69434,0.69577,0.69254,0.69369,38010
2020.01.07,0:00,0.6937,0.69393,0.68501,0.68597,45666
2020.01.08,0:00,0.68596,0.68856,0.6849,0.68753,56494
2020.01.09,0:00,0.68754,0.68806,0.68503,0.68534,36079
2020.01.10,0:00,0.68534,0.69111,0.68509,0.68987,40686
2020.01.12,0:00,0.68977,0.69057,0.68929,0.68997,1634
2020.01.13,0:00,0.68996,0.69198,0.68947,0.68973,33000
2020.01.14,0:00,0.68972,0.69097,0.68851,0.68946,37890
2020.01.15,0:00,0.68946,0.69166,0.68772,0.69072,37164
2020.01.16,0:00,0.69073,0.69337,0.68878,0.68985,40044
2020.01.17,0:00,0.68983,0.69109,0.68705,0.68718,34142
2020.01.19,0:00,0.68734,0.68829,0.6872,0.68813,1585
2020.01.20,0:00,0.68814,0.68885,0.68553,0.68754,24686
2020.01.21,0:00,0.68755,0.68805,0.68419,0.6847,38642
2020.01.22,0:00,0.68474,0.68563,0.6827,0.68414,35503
2020.01.23,0:00,0.68413,0.68788,0.68294,0.68478,45130
2020.01.24,0:00,0.68485,0.68574,0.68176,0.68259,34815
2020.01.26,0:00,0.68119,0.68182,0.6801,0.68012,4875
2020.01.27,0:00,0.68015,0.6817,0.67521,0.67617,41791
2020.01.28,0:00,0.67617,0.67666,0.6737,0.67638,38912
2020.01.29,0:00,0.67637,0.67772,0.67352,0.67532,39028
2020.01.30,0:00,0.67531,0.67533,0.67,0.67054,47964
2020.01.31,0:00,0.67062,0.67296,0.66828,0.6686,45099
2020.02.02,0:00,0.66857,0.66956,0.66841,0.66928,2935
2020.02.03,0:00,0.66922,0.6707,0.66837,0.66897,44263
2020.02.04,0:00,0.66897,0.67418,0.66789,0.67311,44492
2020.02.05,0:00,0.6731,0.67743,0.67237,0.67515,43329
2020.02.06,0:00,0.67514,0.67649,0.67269,0.67313,35321
2020.02.07,0:00,0.67312,0.67314,0.66623,0.66766,38255
2020.02.09,0:00,0.66683,0.66784,0.66666,0.66699,3012
2020.02.10,0:00,0.66703,0.67074,0.66679,0.66895,38838
2020.02.11,0:00,0.66895,0.67366,0.6681,0.67184,35302
2020.02.12,0:00,0.67184,0.67499,0.67068,0.6713,37769
2020.02.13,0:00,0.67131,0.67447,0.67096,0.67189,39596
2020.02.14,0:00,0.67191,0.67314,0.67092,0.67139,26898
2020.02.16,0:00,0.67223,0.67295,0.67167,0.67254,1735
2020.02.17,0:00,0.67253,0.67333,0.67069,0.67096,21704
2020.02.18,0:00,0.67095,0.67096,0.66736,0.6694,33449
2020.02.19,0:00,0.66942,0.67076,0.66653,0.66809,30465
2020.02.20,0:00,0.66806,0.66944,0.66103,0.66117,45289
2020.02.21,0:00,0.66119,0.66389,0.65859,0.6627,40339
2020.02.23,0:00,0.65913,0.66087,0.65913,0.66057,3635
2020.02.24,0:00,0.66055,0.66197,0.65866,0.66109,52199
2020.02.25,0:00,0.66107,0.66224,0.65864,0.66049,54630
2020.02.26,0:00,0.6605,0.66069,0.65424,0.65467,60124
2020.02.27,0:00,0.65473,0.65919,0.65433,0.65802,69804
2020.02.28,0:00,0.658,0.65852,0.64339,0.65058,98134
2020.03.01,0:00,0.64782,0.6525,0.64718,0.6513,3890
2020.03.02,0:00,0.65135,0.6568,0.6489,0.65489,82415
2020.03.03,0:00,0.65487,0.66452,0.65095,0.65829,75006
2020.03.04,0:00,0.65838,0.66295,0.65838,0.66283,54472
2020.03.05,0:00,0.66283,0.66367,0.65838,0.66159,44920
2020.03.06,0:00,0.66163,0.66573,0.65851,0.66436,56733
2020.03.08,0:00,0.6601,0.66231,0.65932,0.66079,3420
2020.03.09,0:00,0.66085,0.66849,0.63154,0.66069,97225
2020.03.10,0:00,0.66069,0.66081,0.64626,0.65071,83223
2020.03.11,0:00,0.65071,0.65394,0.64727,0.64809,70922
2020.03.12,0:00,0.6481,0.64868,0.62122,0.62853,113559
2020.03.13,0:00,0.62853,0.63254,0.61231,0.61771,93694
2020.03.15,0:00,0.62233,0.63019,0.61056,0.61658,5886
2020.03.16,0:00,0.61658,0.6218,0.60788,0.61226,104865
2020.03.17,0:00,0.61225,0.61488,0.5959,0.59861,93930
2020.03.18,0:00,0.59863,0.60286,0.57014,0.57921,105841
2020.03.19,0:00,0.57924,0.59639,0.55093,0.56681,136126
2020.03.20,0:00,0.56682,0.59854,0.56682,0.58013,140436
2020.03.22,0:00,0.58066,0.58246,0.57047,0.57159,5428
2020.03.23,0:00,0.57161,0.58455,0.57,0.58424,163781
2020.03.24,0:00,0.58423,0.59896,0.58269,0.59766,134097
2020.03.25,0:00,0.59767,0.60734,0.58941,0.5898,117267
2020.03.26,0:00,0.59021,0.60873,0.58701,0.60348,109220
2020.03.27,0:00,0.60357,0.61999,0.60224,0.61655,113918
2020.03.29,0:00,0.61552,0.61553,0.61126,0.61291,3823
2020.03.30,0:00,0.61292,0.61837,0.61115,0.61654,101139
2020.03.31,0:00,0.6169,0.62128,0.60724,0.61129,124843
2020.04.01,0:00,0.61128,0.61838,0.60384,0.60814,93687
2020.04.02,0:00,0.60814,0.61189,0.60065,0.60621,96106
2020.04.03,0:00,0.60624,0.6075,0.59796,0.59936,85109
2020.04.05,0:00,0.60119,0.60155,0.59951,0.60054,2753
2020.04.06,0:00,0.60053,0.61057,0.59905,0.60823,81956
2020.04.07,0:00,0.60824,0.62074,0.60801,0.61643,90716
2020.04.08,0:00,0.61643,0.62442,0.61153,0.62318,84906
2020.04.09,0:00,0.62323,0.63626,0.61948,0.63348,80689
2020.04.10,0:00,0.63349,0.63672,0.63124,0.63515,20896
2020.04.12,0:00,0.63456,0.63577,0.63253,0.63302,1609
2020.04.13,0:00,0.63305,0.64087,0.63289,0.63916,52898
2020.04.14,0:00,0.63917,0.64442,0.6374,0.64363,68948
2020.04.15,0:00,0.64367,0.64406,0.62838,0.63127,73358
2020.04.16,0:00,0.63126,0.63698,0.62641,0.63553,87501
2020.04.17,0:00,0.63557,0.63845,0.6314,0.63627,76539
2020.04.19,0:00,0.63598,0.63664,0.63456,0.63505,1540
2020.04.20,0:00,0.63505,0.63967,0.63302,0.63419,68030
2020.04.21,0:00,0.63421,0.63462,0.62529,0.62803,80103
2020.04.22,0:00,0.62805,0.63517,0.62795,0.63166,63324
2020.04.23,0:00,0.63162,0.64056,0.62823,0.63733,70405
2020.04.24,0:00,0.63733,0.63959,0.63367,0.63952,54032
2020.04.26,0:00,0.63811,0.63937,0.63777,0.63884,1031
2020.04.27,0:00,0.63878,0.64711,0.63872,0.64581,49571
2020.04.28,0:00,0.6458,0.65134,0.64337,0.64928,52424
2020.04.29,0:00,0.64928,0.65581,0.64913,0.65489,47650
2020.04.30,0:00,0.6549,0.65692,0.64826,0.64944,61901
2020.05.01,0:00,0.64943,0.6498,0.64095,0.64202,43071
2020.05.03,0:00,0.64057,0.64111,0.6379,0.63832,2816
2020.05.04,0:00,0.63831,0.64342,0.63721,0.64232,47140
2020.05.05,0:00,0.64233,0.64755,0.64163,0.64399,48252
2020.05.06,0:00,0.64398,0.64523,0.63795,0.63847,47290
2020.05.07,0:00,0.63851,0.6508,0.63784,0.65068,43650
2020.05.08,0:00,0.65067,0.65473,0.6493,0.65289,32734
2020.05.10,0:00,0.65239,0.65304,0.6514,0.6525,1470
2020.05.11,0:00,0.65249,0.65608,0.64559,0.64866,40852
2020.05.12,0:00,0.64867,0.65358,0.64315,0.64766,47200
2020.05.13,0:00,0.64766,0.65235,0.64379,0.64516,58958
2020.05.14,0:00,0.64514,0.6468,0.64032,0.64557,54407
2020.05.15,0:00,0.64556,0.64735,0.6402,0.64154,44071
2020.05.17,0:00,0.6417,0.64266,0.64109,0.64241,1509
2020.05.18,0:00,0.64239,0.65283,0.64198,0.65237,38193
2020.05.19,0:00,0.65238,0.65849,0.65098,0.6536,42755
2020.05.20,0:00,0.65355,0.66162,0.65276,0.65955,37272
2020.05.21,0:00,0.65957,0.6598,0.65488,0.65682,47971
2020.05.22,0:00,0.65682,0.65724,0.6506,0.6536,49894
2020.05.24,0:00,0.6534,0.65426,0.65288,0.6539,951
2020.05.25,0:00,0.65392,0.65502,0.65196,0.6543,32414
2020.05.26,0:00,0.65431,0.66751,0.65377,0.6648,52424
2020.05.27,0:00,0.66477,0.668,0.65673,0.66175,70412
2020.05.28,0:00,0.66174,0.66673,0.65881,0.66282,70861
2020.05.29,0:00,0.66282,0.66832,0.66185,0.66681,73538
2020.05.31,0:00,0.66585,0.6669,0.66481,0.66595,2472
2020.06.01,0:00,0.66596,0.68134,0.66532,0.67926,68499
2020.06.02,0:00,0.67925,0.68984,0.67749,0.68912,72258
2020.06.03,0:00,0.68912,0.69834,0.68565,0.69246,85537
2020.06.04,0:00,0.69246,0.69877,0.68823,0.69475,82848
2020.06.05,0:00,0.69474,0.7013,0.69307,0.69659,79069
2020.06.07,0:00,0.69673,0.69883,0.69642,0.69858,1545
2020.06.08,0:00,0.69859,0.70292,0.69617,0.70216,59704
2020.06.09,0:00,0.70214,0.70426,0.68982,0.69589,72482
2020.06.10,0:00,0.69579,0.70641,0.69324,0.69847,83046
2020.06.11,0:00,0.69847,0.69958,0.68812,0.69,67124
